0.145825414,-0.003587684,0.020624509,8.20E-04,0.287287939,0.1406703,20.038881
0.234643198,-0.006195882,0.112590641,3.92E-04,0.384968624,0.21982414,10.571302
0.191849225,-0.004492335,0.125378996,1.47E-04,0.438469586,0.17987551,12.287455
0.098030073,-0.003934523,0.017878845,6.11E-05,0.440270173,0.09639199,28.928669
0.167315698,-0.001112192,0.073262873,7.57E-04,0.696183323,0.15923075,15.021728
0.173853931,-0.008877535,0.138125769,2.36E-04,0.756901468,0.16658609,13.150941
0.179568934,-0.001639646,0.010311804,1.44E-04,0.874297591,0.17024183,16.973137
0.084862039,-0.007660358,0.145333581,2.32E-04,0.776494406,0.08286078,24.321299
0.176925033,-0.005708416,0.125898801,8.99E-05,0.723199961,0.16468135,13.145967
0.21178759,-0.007347782,0.077256057,7.92E-04,0.974723091,0.19219053,12.36063
0.159700665,-0.0038351,0.063477002,6.07E-04,0.975131246,0.15076187,16.058735
0.16146524,-0.00151974,0.024614463,2.02E-05,0.311102949,0.15319039,17.715826
0.24326885,-0.007069849,0.025499687,5.99E-04,0.908330607,0.22477654,12.515026
0.088713052,-0.001883115,0.038504444,8.86E-04,0.62385652,0.090637445,28.65387
0.117330901,-0.006213428,0.081936279,5.57E-04,0.501902521,0.11181316,19.988314
0.209921652,-0.005464298,0.01553113,6.10E-04,0.903443175,0.19456047,15.0288105
0.077692599,-0.009448689,0.069740077,5.66E-04,0.527588304,0.07854581,29.455769
0.162234583,-0.009919021,0.094046373,3.41E-04,0.475581446,0.15358615,14.782926
0.106278052,-0.002217227,0.091542606,8.20E-04,0.505644301,0.105373636,21.555105
0.173325158,-0.006726061,0.107382122,5.14E-04,0.879036262,0.16435528,13.726401
0.232726439,-0.007772753,0.08151245,7.11E-04,0.766309497,0.21684232,11.106065
0.155457659,-0.009768685,0.058532769,1.29E-04,0.442470321,0.14984986,16.245846
0.13314067,-0.009515523,0.096422491,5.68E-04,0.89099431,0.12717581,17.543331
0.106771812,-0.003763992,0.058130076,7.37E-04,0.832988347,0.103706956,23.096302
0.080462602,-0.003989315,0.113155612,7.11E-05,0.289540892,0.07627107,26.69082
0.166182453,-0.003090722,0.095007081,1.28E-04,0.716192344,0.15715383,14.445763
0.244232805,-0.001164222,0.118718712,4.39E-04,0.516488822,0.22573996,10.162554
0.240198773,-0.004158726,0.030830644,5.58E-04,0.585523066,0.22400357,12.366813
0.098473851,-0.005273478,0.014840876,3.81E-04,0.426116735,0.09595973,29.545557
0.205221972,-0.001629539,0.100301093,2.54E-05,0.329133102,0.19166662,12.048388
0.204060076,-0.001287186,0.011852142,5.92E-05,0.50760265,0.19068494,14.929493
0.232985197,-0.00656162,0.012814959,3.79E-04,0.524612976,0.21723442,13.947085
0.120774262,-0.005934977,0.1121619,7.72E-05,0.568530183,0.11574359,18.598434
0.225887077,-0.003143506,0.125243333,5.82E-04,0.319509532,0.21045059,10.794838
0.124497853,-0.001706052,0.104604338,2.98E-04,0.871333996,0.12154578,18.33736
0.059798721,-0.003773961,0.057012325,8.98E-05,0.755014093,0.058663014,38.78647
0.072456295,-0.005209837,0.050454374,3.65E-04,0.268388858,0.072124556,33.38064
0.081875918,-0.003233978,0.044838143,8.94E-05,0.797579889,0.079249084,30.089539
0.205590715,-0.007752593,0.079240485,7.55E-04,0.781162191,0.19345427,12.390243
0.107991544,-0.002908127,0.125561373,3.88E-04,0.462020703,0.10611724,20.263002
0.099021093,-0.009632109,0.017727319,9.47E-05,0.877117203,0.09705496,28.404648
0.107250682,-0.009992333,0.130272766,6.67E-04,0.758156335,0.10540657,20.221256
0.181900179,-0.006959327,0.144685269,8.20E-04,0.29842259,0.17347984,12.646378
0.088920331,-0.00536476,0.083494731,2.76E-04,0.941959616,0.085369945,25.457798
0.125051602,-0.008345944,0.054318115,1.65E-05,0.443628967,0.119677685,19.904455
0.249879775,-0.003992492,0.108183912,8.07E-05,0.461921776,0.22787546,10.070401
0.132585555,-0.007442257,0.055432214,7.35E-04,0.810547901,0.12901461,19.033838
0.068884539,-0.00404845,0.044794025,5.21E-04,0.599830863,0.06773989,35.43858
0.131761016,-0.002539562,0.075488992,1.51E-04,0.93494135,0.12572892,18.182552
0.108668963,-0.006173051,0.083064575,8.37E-04,0.865035942,0.10645418,21.502337
0.208910519,-0.001564018,0.048410001,5.59E-04,0.348216264,0.19995609,13.086782
0.109948026,-0.004839193,0.074498578,8.30E-04,0.36757872,0.10848717,21.825344
0.229081803,-0.00116019,0.093163005,5.45E-04,0.692137472,0.2082234,11.105608
0.225100267,-0.007575942,0.086016041,8.35E-04,0.413184922,0.21175098,11.380158
0.159625857,-0.007896388,0.143447262,8.80E-04,0.692226516,0.15264834,14.140772
0.076729231,-0.007837808,0.118813089,7.38E-04,0.954240197,0.07547984,27.946943
0.115343436,-0.004202857,0.084853191,2.91E-04,0.622707372,0.110967055,20.209385
0.161042688,-0.007737705,0.077249266,6.15E-04,0.532586149,0.15189381,15.33346
0.092686602,-0.006588026,0.018270274,4.99E-04,0.296887143,0.09071791,30.309633
0.11231531,-0.007310804,0.090296152,5.68E-04,0.351669406,0.1095714,20.614954
0.166219716,-0.004155958,0.061568863,7.52E-04,0.711107909,0.15733334,15.41744
0.057494283,-0.00276475,0.070814026,4.26E-04,0.846505679,0.056893777,38.99271
0.101019695,-0.004986474,0.106135967,1.80E-04,0.28986005,0.097893834,21.975397
0.114776198,-0.009573575,0.057223249,6.11E-04,0.33667484,0.11208058,21.412281
0.174509429,-0.00863279,0.052088651,6.67E-04,0.502380153,0.1661649,15.06634
0.112860157,-0.007765627,0.047983428,8.13E-04,0.771576971,0.109410234,22.34651
0.200565985,-0.004762852,0.013245673,1.99E-04,0.658742195,0.18869227,15.810758
0.055324638,-0.005270604,0.075104585,4.66E-04,0.582233108,0.055582415,40.255245
0.073446823,-0.004820815,0.028470216,6.20E-04,0.778848423,0.07312086,35.37374
0.144566607,-0.002361148,0.080545647,2.63E-04,0.453630297,0.14050184,16.734663
0.080578286,-0.007843372,0.034002914,3.02E-04,0.702197195,0.078945026,31.583872
0.169988677,-0.009637279,0.034099802,7.20E-04,0.416955643,0.16200729,16.265633
0.218621339,-0.009139171,0.127022177,5.99E-04,0.457298159,0.20065564,10.977639
0.104256665,-0.006447338,0.076953906,8.03E-04,0.987849523,0.09703294,23.334259
0.249164972,-0.001163675,0.03497159,8.62E-04,0.908165822,0.22913562,11.854456
0.12873339,-0.008360195,0.018708374,6.05E-04,0.253186925,0.12520151,22.54132
0.17721864,-0.009410005,0.050194086,4.44E-04,0.28359012,0.16668127,14.884785
0.104507726,-0.003246498,0.132859987,8.83E-04,0.282867567,0.099989,20.820354
0.071326441,-0.008630189,0.123058857,4.23E-04,0.873588779,0.06908793,29.223864
0.239288925,-0.006591244,0.105626191,2.44E-04,0.740000631,0.22175455,10.463519
0.078178014,-0.0079205,0.127945952,6.16E-04,0.943416971,0.077695966,27.17101
0.183957313,-0.008948307,0.03300576,4.07E-04,0.52289465,0.17487918,15.275744
0.142239617,-0.009697103,0.109989939,5.36E-05,0.449166893,0.13611357,16.130621
0.177512209,-0.006515573,0.022045529,5.93E-04,0.287937025,0.16992304,16.671276
0.212993866,-0.008979985,0.052139112,5.49E-04,0.991843239,0.1933443,13.062771
0.087918153,-0.001915729,0.093771417,6.79E-04,0.456143005,0.08757509,25.581587
0.215303299,-0.003648223,0.073560101,4.39E-04,0.728962857,0.20084247,12.055023
0.051930108,-0.002624423,0.149937365,4.41E-04,0.50758784,0.052326027,37.891533
0.144271929,-0.004960324,0.11434583,2.27E-05,0.280393254,0.13868129,15.880822
0.17300933,-0.00950957,0.134878375,8.69E-04,0.441669609,0.1654798,13.288428
0.112465285,-0.001009884,0.036442029,8.06E-04,0.808116091,0.107739925,23.631046
0.207181959,-0.002501118,0.111991716,7.30E-04,0.804086788,0.19181685,11.786437
0.07778357,-0.008347812,0.136205416,5.15E-04,0.328761784,0.0774396,26.767666
0.157025334,-0.004070919,0.064818929,2.68E-04,0.820302785,0.1461502,16.089182
0.083609678,-0.003514264,0.015494699,3.35E-04,0.652595753,0.08272894,34.07139
0.249399893,-0.005491935,0.051903313,5.89E-04,0.624201985,0.2329926,11.172131
0.083644466,-0.008031093,0.142060118,7.41E-04,0.348720392,0.08339927,25.281246
0.229210226,-0.009492276,0.137534102,5.24E-04,0.988551545,0.2039341,10.813334
0.152290855,-0.002681856,0.118562955,4.84E-04,0.46275954,0.14481689,15.173174
0.136135527,-0.009103316,0.10557679,4.39E-04,0.912052931,0.12985356,16.874035
0.113376614,-0.007902157,0.026084591,7.09E-04,0.63047796,0.1098205,24.115723
0.211299585,-0.005106046,0.147685178,1.14E-04,0.297316152,0.1978828,11.0734215
0.086858247,-0.008397518,0.141674854,7.64E-04,0.817514697,0.08657144,24.349789
0.214262028,-0.004342858,0.030587147,1.47E-04,0.443488502,0.19780584,13.599441
0.05199559,-0.008856271,0.030478094,5.24E-04,0.996626857,0.04554577,54.198948
0.21613796,-0.00232316,0.058563805,7.81E-04,0.819825793,0.2046849,12.4527
0.169023911,-0.004816428,0.087336857,5.91E-04,0.908094515,0.15983516,14.485874
0.211350764,-0.007503746,0.138868039,6.74E-04,0.627863251,0.19955312,11.171931
0.067897634,-0.001441714,0.037519145,1.09E-04,0.515867041,0.066893764,36.82897
0.188375111,-0.001564948,0.140259615,8.38E-04,0.385524401,0.17561166,12.366268
0.096182779,-0.007554454,0.044294913,2.72E-04,0.309868202,0.09352744,25.927216
0.189342188,-0.007080782,0.062112147,4.27E-04,0.339338312,0.17998537,13.668358
0.078204144,-0.0077315,0.146387742,2.48E-04,0.397947904,0.076794855,26.317446
0.230689448,-0.004547992,0.076153672,4.76E-04,0.558607768,0.21387914,11.325064
0.149303126,-0.001391848,0.020672456,6.53E-04,0.747193358,0.14287184,19.446997
0.153900776,-0.00960085,0.130754589,9.58E-05,0.367909217,0.14648722,14.715322
0.233353742,-0.001466803,0.11564082,8.45E-04,0.712703789,0.21866666,10.640972
0.119182513,-0.005904519,0.033130106,5.80E-04,0.451585234,0.11435534,22.424257
0.184962745,-0.00164983,0.045814279,6.42E-05,0.680099967,0.17568505,14.627942
0.178664287,-0.004151689,0.045672094,2.07E-04,0.413126632,0.16803665,15.066303
0.142115086,-0.00915558,0.044081991,7.18E-04,0.789681801,0.13928208,18.331123
0.093033603,-0.00745003,0.065097716,6.86E-05,0.655596755,0.08831869,25.307625
0.0681141,-0.004986572,0.111458227,7.06E-04,0.532561404,0.06918311,31.172697
0.15066782,-0.009300031,0.126867291,2.56E-04,0.430927046,0.14652377,15.078822
0.106826305,-0.006599937,0.096497142,4.11E-04,0.610671174,0.10517218,21.161974
0.066198934,-0.003145172,0.110487355,2.12E-04,0.390260589,0.06540294,31.860546
0.051419462,-0.003602211,0.13002467,5.07E-04,0.740262318,0.051871803,39.241264
0.171543524,-0.004903651,0.015419306,6.31E-04,0.836129584,0.15942493,18.036484
0.118549806,-0.003272067,0.096332909,6.47E-04,0.455441471,0.11518678,19.403057
0.052885161,-0.004940502,0.112340254,4.95E-04,0.976560026,0.052494492,39.39304
0.127504948,-0.009741989,0.086856582,2.59E-04,0.771114979,0.12084987,18.332182
0.058667087,-0.006041608,0.143868469,1.49E-04,0.809980552,0.057351645,34.08261
0.172963944,-0.008061136,0.04487556,4.15E-04,0.251182589,0.16443223,15.47059
0.223722158,-0.006240605,0.054426588,4.02E-04,0.916696634,0.2074249,12.095742
0.132240127,-0.002942227,0.094161099,7.06E-04,0.364305152,0.1278828,17.73768
0.081242449,-0.006912917,0.015964713,7.53E-04,0.513641765,0.079802215,35.08431
0.210195916,-0.004172257,0.085843167,5.07E-04,0.258512369,0.19660811,12.06388
0.216005598,-0.003678161,0.028532844,5.86E-04,0.724945735,0.20343214,13.654319
0.160157757,-0.005675794,0.097196444,7.30E-04,0.443365185,0.15511729,14.893925
0.238386567,-0.007086148,0.129345945,3.08E-04,0.364719285,0.22504762,10.192313
0.05543308,-0.008373776,0.115534605,6.72E-04,0.901478265,0.05609525,37.35101
0.109074857,-0.009248892,0.126630789,8.86E-04,0.943344162,0.1077143,20.185068
0.067385861,-0.006921882,0.09791588,2.00E-04,0.48567623,0.06816849,31.74559
0.239596215,-0.003920882,0.134224393,4.42E-04,0.694818246,0.22038098,10.130883
0.142032603,-0.002360336,0.101784185,4.40E-05,0.715727693,0.13358605,16.375668
0.244837308,-0.004624922,0.107089959,8.24E-04,0.495523032,0.22764829,10.293183
0.082972355,-0.005709296,0.027823594,5.65E-04,0.574893723,0.081941366,31.779575
0.082549312,-0.007326721,0.127545662,8.62E-04,0.571685376,0.080809504,25.819607
0.134982249,-0.009726746,0.119951363,7.59E-04,0.547956925,0.13219051,16.753635
0.223645286,-0.00863694,0.116419939,7.92E-04,0.681168135,0.2076154,10.9664135
0.226240153,-0.003863175,0.120215129,1.72E-04,0.924068882,0.2105861,10.751394
0.139013381,-0.005276503,0.095346902,5.46E-04,0.839764647,0.13436635,16.868504
0.239947942,-0.005931489,0.021030316,1.09E-05,0.290871797,0.22115381,12.870195
0.13717734,-0.001494646,0.097227837,6.89E-04,0.942447921,0.12988645,17.259989
0.135818455,-0.004021923,0.102268136,3.95E-04,0.335706439,0.13162641,17.096981
0.156704279,-0.001647602,0.076177311,6.81E-04,0.507942567,0.15096709,15.840756
0.181776415,-0.003668693,0.135694717,7.86E-04,0.331203679,0.17320514,12.795138
0.212670657,-0.004300338,0.039150566,2.26E-05,0.542294286,0.19745786,13.238335
0.055253846,-0.002484322,0.089617073,5.69E-05,0.860652837,0.054897446,38.824097
0.163258392,-0.006028674,0.105455785,3.82E-04,0.492898424,0.15532964,14.498695
0.166204306,-0.005263737,0.048698466,8.68E-04,0.523822675,0.15940295,15.933883
0.136796968,-0.007802063,0.112470856,5.29E-04,0.982653047,0.1261941,17.15732
0.090612537,-0.002596229,0.080088494,6.78E-04,0.330550569,0.09176922,25.440145
0.118052061,-0.006098947,0.094527344,4.66E-04,0.660800722,0.113556735,19.496695
0.199657574,-0.005060149,0.030533664,5.49E-04,0.632674913,0.18788648,14.452172
0.202669411,-0.002130632,0.023950024,1.04E-04,0.35874187,0.18985714,14.614359
0.057242963,-0.00619186,0.10919156,9.05E-04,0.968624459,0.058347993,37.62585
0.098422096,-0.00206309,0.038941666,9.02E-04,0.849105042,0.097831525,26.268013
0.13440822,-0.004274288,0.067602484,4.41E-04,0.549144574,0.13199265,18.328264
0.079913259,-0.0094689,0.091109821,1.46E-04,0.89296013,0.0771099,27.625546
0.065875709,-0.00206667,0.127751288,6.44E-04,0.930781709,0.067245394,31.681974
0.228911722,-0.003406987,0.058113715,2.78E-04,0.343909425,0.21630041,11.824025
0.129987873,-0.004459305,0.148390155,7.56E-05,0.960501257,0.12607695,16.755426
0.245428684,-0.006212049,0.084769879,4.37E-04,0.619390394,0.22339198,10.572398
0.062495624,-0.008576911,0.091740151,1.22E-04,0.39341207,0.06157511,34.313522
0.065486476,-0.002928144,0.123038264,5.55E-04,0.636712333,0.065194145,31.922182
0.076640797,-0.002541188,0.061231735,8.56E-04,0.495341604,0.075142846,30.992783
0.131418993,-0.003194222,0.0600965,8.05E-05,0.846813446,0.12634432,18.844625
0.231928718,-0.008235429,0.035906476,3.35E-04,0.93586654,0.2133333,12.408031
0.131234991,-0.009589257,0.090116754,1.98E-04,0.687494057,0.12736264,17.853945
0.112731499,-0.003367229,0.119245739,2.73E-04,0.719369634,0.11080954,19.592993
0.247453214,-0.008979716,0.083742723,5.24E-04,0.864829231,0.22607325,10.502309
0.101844278,-0.008603896,0.116216164,2.12E-04,0.714372187,0.09904395,21.472616
0.165889856,-0.006244378,0.147416707,7.38E-04,0.628806608,0.15967768,13.59933
0.085405136,-0.003841042,0.129863234,1.69E-04,0.443483275,0.08179485,24.96377
0.114777087,-0.004046026,0.128858859,5.20E-05,0.624032533,0.11032234,19.164314
0.141880486,-0.008868582,0.071417143,6.05E-04,0.540106842,0.13727106,17.309492
0.198574069,-0.001694402,0.134820552,4.66E-04,0.608007711,0.18438457,11.919562
0.052431572,-0.002008293,0.070111488,8.40E-04,0.386945047,0.05275091,42.74256
0.21378189,-0.007921394,0.090826882,5.09E-05,0.317238285,0.19820149,11.695053
0.241859547,-0.001229969,0.051204026,3.66E-04,0.707313098,0.22489741,11.516524
0.181498893,-0.007842024,0.141532562,2.01E-04,0.531913789,0.17233701,12.656631
0.10304681,-0.002903599,0.054416657,1.69E-04,0.561412967,0.10144688,23.80733
0.089485865,-0.006981123,0.014521293,6.24E-05,0.414482844,0.08706229,31.887354
0.073566298,-0.003635873,0.067503283,6.31E-04,0.767671206,0.073399276,31.323063
0.231909319,-0.006936084,0.033299186,3.49E-04,0.349972451,0.21476188,12.520471
0.08673834,-0.009571602,0.149170513,9.04E-04,0.556793369,0.08812822,23.933506
0.085078255,-0.007654757,0.118723289,6.47E-04,0.759948158,0.084564105,25.275526
0.192321863,-0.009443458,0.106317355,2.95E-04,0.414681158,0.18179484,12.539046
0.1203935,-0.00702116,0.037459887,2.78E-04,0.688569128,0.11564468,21.628471
0.081303769,-0.003433972,0.077661706,8.37E-04,0.717250158,0.08295969,28.15514
0.080021346,-0.006250332,0.035014272,8.94E-04,0.574062705,0.079641014,31.92186
0.217591979,-0.001307391,0.110358993,8.39E-04,0.726520122,0.20247988,11.330742
0.115743039,-0.007740525,0.016582228,6.19E-04,0.380283374,0.11377657,25.110407
0.205144849,-0.005089205,0.050202448,8.99E-04,0.995265854,0.16691943,14.717946
0.096901167,-0.004462262,0.067048986,7.57E-04,0.618828449,0.09444321,24.500803
0.146127212,-0.009959593,0.087375103,9.02E-04,0.967746095,0.13793406,16.62537
0.249871058,-0.004579026,0.070946756,7.22E-04,0.967798991,0.2279084,10.799024
0.083641907,-0.005703281,0.127387078,7.62E-04,0.313397496,0.0842784,25.355125
0.110162847,-0.007896019,0.081557765,4.74E-05,0.628904972,0.10439931,21.066822
0.196640264,-0.008570423,0.055602417,4.54E-04,0.969310439,0.18228942,13.548562
0.100865627,-0.003477219,0.026533856,3.62E-04,0.85274882,0.09548718,27.031973
0.115586434,-0.004376868,0.119399304,7.91E-04,0.547306398,0.11491576,19.206158
0.240061903,-0.006615618,0.044751578,4.89E-04,0.885152413,0.22193407,11.749847
0.161783219,-0.003061809,0.066215142,1.24E-04,0.292621078,0.15353115,15.626418
0.108076069,-0.002499011,0.068426566,3.84E-04,0.655037855,0.10480954,22.23934
0.053032481,-0.003258496,0.061140539,5.65E-04,0.769763467,0.05252747,42.845222
0.146608122,-0.008799016,0.117002829,1.03E-04,0.26119178,0.1414323,15.603948
0.051195624,-0.001079769,0.042917835,7.21E-04,0.436865094,0.052666668,47.354027
0.230200331,-0.004892339,0.089679961,6.33E-04,0.298140305,0.21678393,11.115987
0.106560182,-0.003713179,0.061682067,8.07E-04,0.413642471,0.10241027,22.906725
0.050973907,-0.002071906,0.014749025,2.37E-04,0.957086491,0.051739927,53.81374
0.24865178,-0.002326888,0.031004683,4.99E-04,0.769453669,0.22954217,11.943208
0.235661592,-0.007445861,0.142719544,6.88E-05,0.340504452,0.21799631,10.146199
0.217827719,-0.003552262,0.047149376,2.85E-04,0.522411792,0.2031721,12.660502
0.205784333,-0.007981948,0.041515703,7.99E-04,0.697481049,0.1970989,13.455969
0.076843813,-0.004604791,0.012249258,7.66E-04,0.897294175,0.07683148,38.389156
0.074132887,-0.009514372,0.084217652,7.33E-04,0.632525456,0.07489009,30.076637
0.102420696,-0.005182789,0.118627373,2.44E-04,0.759320597,0.09701834,21.332386
0.210901514,-0.003373376,0.119779159,4.78E-04,0.914453213,0.19886813,11.497401
0.165094556,-0.001222243,0.03790692,2.43E-04,0.851623419,0.15742126,16.517714
0.218888627,-0.006461631,0.035158812,6.46E-04,0.992559976,0.18923075,13.812979
0.158390793,-0.008543495,0.091030669,8.05E-04,0.341348368,0.14889379,15.263136
0.127761043,-0.001125996,0.022088832,3.64E-04,0.607942837,0.12207689,22.060753
0.148302356,-0.002386495,0.039904915,2.87E-04,0.731353047,0.14131865,18.093182
0.191732265,-0.008551519,0.075441468,7.56E-05,0.264157501,0.1791649,13.145111
0.159508365,-0.006859555,0.105113697,5.58E-05,0.301047521,0.15181313,14.751145
0.083013802,-0.004832938,0.143443295,4.95E-04,0.67891583,0.081230775,25.118017
0.189677547,-0.002813607,0.039963197,1.29E-04,0.589282075,0.17917585,14.605646
0.085569774,-0.002506909,0.116875395,5.05E-04,0.84007214,0.085326016,25.241674
0.207136439,-0.001569513,0.132900712,7.51E-04,0.958656645,0.19119418,11.600056
0.171171507,-0.001508142,0.037363154,3.44E-04,0.312404258,0.16798171,16.016376
0.215338259,-0.008067905,0.12793201,8.91E-05,0.602123711,0.19910984,11.049504
0.184268751,-0.006050381,0.049820755,8.66E-04,0.766694696,0.17459333,14.522991
0.100766407,-0.005255359,0.126796385,7.37E-04,0.45829762,0.09726741,21.598406
0.166149891,-0.004337403,0.095428287,2.85E-04,0.949233036,0.15323812,14.511243
0.175590983,-0.003071421,0.144050182,2.24E-04,0.939072521,0.16458248,13.016641
0.145263358,-0.001741852,0.096976507,2.87E-04,0.625308395,0.13929303,16.19937
0.104638495,-0.007040498,0.074493004,2.78E-04,0.685692617,0.10094504,22.427906
0.233048549,-0.006815901,0.084246054,3.16E-04,0.526601387,0.21659704,11.054256
0.105729152,-0.006811028,0.075121113,7.16E-04,0.984605162,0.10009525,23.03149
0.057435689,-0.006335473,0.012962514,7.13E-04,0.274023189,0.058501843,49.539665
0.236502935,-0.005710409,0.115520913,7.55E-04,0.840648033,0.21694873,10.473985
0.094201926,-0.001350483,0.024891465,2.45E-04,0.488732509,0.09247983,28.928036
0.248440798,-0.009514197,0.121771334,3.00E-04,0.929362029,0.22704759,9.900353
0.215124289,-0.008691555,0.060351574,5.19E-04,0.976381738,0.19767404,12.449259
0.08446055,-0.003757073,0.110894132,1.85E-05,0.885549998,0.08232236,25.552855
0.147481188,-0.0045466,0.147809328,5.68E-04,0.819536341,0.14220512,15.051926
0.220424169,-0.009463684,0.092999564,5.35E-04,0.968298738,0.2038498,11.516411
0.058681056,-0.008999085,0.051694132,5.37E-04,0.939456712,0.058256406,39.83711
0.168954282,-0.002650781,0.114783758,1.08E-04,0.781301831,0.1626264,13.862074
0.060021965,-0.001947596,0.140992754,6.42E-04,0.279651414,0.060615387,33.939056
0.157567964,-0.00817713,0.11514208,4.26E-05,0.687826229,0.14733702,14.651947
0.222817929,-0.006690295,0.092840281,5.43E-04,0.585772608,0.20936632,11.325995
0.209366013,-0.005901754,0.096506977,7.71E-04,0.35450689,0.19998164,11.902471
0.16699838,-0.002948216,0.050951571,5.02E-04,0.890338263,0.15660071,15.715933
0.156060765,-0.007889479,0.06517326,2.77E-04,0.433374434,0.15087545,16.089739
0.206055152,-0.007961039,0.135500356,2.63E-04,0.989586429,0.18868141,11.554956
0.12830585,-0.001888987,0.062350265,3.02E-04,0.814260743,0.122542165,19.270767
0.192759051,-0.009964494,0.114558392,4.18E-04,0.496492324,0.18352018,12.354782
0.141051869,-0.001144258,0.032928062,7.28E-04,0.525719251,0.1359157,19.471401
0.227903184,-0.002249171,0.106497057,1.23E-04,0.318950211,0.21015751,10.93151
0.231563815,-0.007005088,0.069850559,7.48E-04,0.353664645,0.21446885,11.429253
0.180585982,-0.004708811,0.035309337,4.81E-04,0.460526471,0.17248715,15.500402
0.139993752,-0.008824214,0.143376216,5.42E-04,0.388504023,0.13601464,15.802341
0.174980653,-0.002367849,0.027548901,8.98E-04,0.590554662,0.16480577,16.507832
0.137826743,-0.006393362,0.092138847,3.75E-04,0.430107932,0.13305858,17.021877
0.067532721,-0.003591765,0.109860628,4.87E-04,0.438043239,0.06741026,31.62038
0.214554044,-0.005132433,0.068495853,4.14E-04,0.710666303,0.20220879,12.2083
0.153091074,-0.007241681,0.112686383,8.49E-04,0.564616817,0.14721611,15.201092
0.099646002,-0.006437227,0.036805964,1.47E-05,0.969489843,0.09561539,25.769564
0.072243341,-0.004851591,0.01990145,7.19E-04,0.515074349,0.07315751,37.920887
0.212992773,-0.001871995,0.088587265,6.13E-04,0.945947122,0.20021234,11.936498
0.059351297,-0.00235084,0.130539042,3.29E-04,0.682025638,0.0571282,34.272247
0.155774396,-0.00620204,0.032480937,5.16E-04,0.632862003,0.14979129,17.744532
0.176349186,-0.006997215,0.110497758,7.15E-04,0.495209917,0.16927475,13.422805
0.244158478,-0.002865396,0.045035483,1.02E-04,0.747314644,0.22351658,11.589356
0.16678508,-0.006051759,0.105743283,1.96E-04,0.325598421,0.15774,14.175989
0.084873501,-0.007225751,0.08691765,3.76E-04,0.419470614,0.08304761,26.482851
0.073985633,-0.006542634,0.138990852,9.09E-04,0.563172234,0.07568501,28.053793
0.144764512,-0.00750434,0.120573264,8.58E-04,0.346975825,0.13971798,15.813296
0.173365402,-0.005912742,0.067607586,1.02E-04,0.371626856,0.16336991,14.543998
0.19172549,-0.006407301,0.032866038,7.47E-04,0.507863202,0.17889015,14.824619
0.239166413,-0.008808182,0.018358856,7.00E-04,0.919308967,0.2231502,13.106624
0.213364768,-0.003226233,0.089014162,7.39E-04,0.922678497,0.20038462,11.904705
0.108309433,-0.002078807,0.01493337,9.44E-05,0.736905185,0.10581684,26.778254
0.14946623,-0.00225049,0.132359588,1.21E-05,0.856597775,0.1434835,15.073241
0.217198291,-0.005768294,0.015648336,9.09E-04,0.277087882,0.2041612,14.627716
0.117455826,-0.002175553,0.054218179,3.90E-04,0.888224108,0.11374353,21.248466
0.110500525,-0.006462293,0.093526595,1.62E-04,0.92013447,0.10530404,20.561626
0.244989378,-0.003386076,0.086281258,3.79E-04,0.448152448,0.22616118,10.619981
0.084014419,-0.003535805,0.099657633,2.85E-04,0.59297031,0.08166302,26.207191
0.144390317,-0.008426493,0.127720599,8.79E-04,0.810514348,0.13851647,15.711707
0.197231674,-0.006244254,0.077446828,8.17E-04,0.884985087,0.18499635,12.894848
0.229553896,-0.004116152,0.134175539,3.55E-04,0.413882211,0.21326365,10.563177
0.236249686,-0.006089338,0.142502597,3.54E-04,0.555022903,0.22121975,10.099818
0.062294128,-0.005917655,0.11599747,8.28E-04,0.787047926,0.065120876,33.60166
0.12603547,-0.002766382,0.106427231,1.67E-04,0.535176171,0.118967034,18.228163
0.162760292,-0.001702388,0.029254703,5.55E-04,0.874304564,0.15585712,17.379084
0.075076977,-0.002273277,0.127019732,4.74E-04,0.693297183,0.07571426,27.777985
0.183937914,-0.003680247,0.08175926,5.19E-04,0.866562236,0.17222704,13.570064
0.118185672,-0.003394171,0.060160712,6.98E-04,0.989694323,0.10737727,21.78797
0.155443672,-0.005253523,0.0354029,6.60E-04,0.917619036,0.15037733,17.661375
0.128268411,-0.009928829,0.096160889,6.52E-04,0.741363637,0.124952376,17.963316
0.184521169,-0.008028149,0.148957075,1.78E-04,0.711481711,0.17264098,12.394291
0.159525909,-0.003339273,0.025284084,1.01E-04,0.378724849,0.15194872,17.951168
0.16566454,-0.004357508,0.096712099,7.33E-04,0.470176259,0.15840662,14.537899
0.11764098,-0.005250119,0.081607887,2.47E-04,0.324432433,0.11462639,19.970741
0.213584864,-0.006121378,0.138353942,6.74E-04,0.683989121,0.2021611,11.070131
0.222601419,-0.006742474,0.132903921,8.37E-04,0.448007763,0.20960076,10.767239
0.181861013,-0.009050027,0.05568945,2.00E-05,0.885609775,0.17013551,14.25308
0.222991327,-0.007100793,0.106784748,4.80E-04,0.925224786,0.20926374,11.062714
0.061776604,-0.002713898,0.10955643,7.24E-04,0.637877507,0.06280219,34.252083
0.063639865,-0.001538423,0.013394397,3.52E-04,0.381156723,0.063432224,44.285725
0.238359025,-0.001313613,0.043756024,8.78E-04,0.394530129,0.22304763,11.941922
0.118819748,-0.003074501,0.134269274,2.66E-04,0.634179241,0.11530038,18.378485
0.194949952,-0.004952373,0.106320074,1.75E-04,0.415870135,0.1824541,12.4312105
0.238747787,-0.006749253,0.070959243,6.45E-04,0.925992946,0.22198164,11.125392
0.150819879,-0.005060423,0.077012417,7.16E-04,0.614053196,0.14553113,16.201363
0.066588685,-0.001536706,0.079305106,4.04E-04,0.425684462,0.06648716,33.602398
0.151087421,-0.003804403,0.034734861,1.02E-04,0.386812401,0.14487542,18.029161
0.055759336,-0.007886441,0.043086529,7.38E-04,0.392147122,0.056882795,42.902885
0.232837231,-0.001466717,0.061477133,6.79E-04,0.865995267,0.2169707,11.659705
0.232956527,-0.003745644,0.039689478,4.38E-04,0.366824947,0.21338822,12.24576
0.109794487,-0.005062905,0.108565068,3.80E-04,0.809043811,0.10729305,20.266024
0.131494524,-0.001078737,0.07953684,4.69E-05,0.873071136,0.12595238,18.08615
0.159778586,-0.006598423,0.10510918,7.15E-04,0.594316093,0.15344319,14.764839
0.073372534,-0.002416821,0.137761182,6.74E-05,0.259608822,0.07356048,28.144344
0.189619668,-0.00889776,0.072560764,6.86E-04,0.875350491,0.17775455,13.406768
0.058754222,-0.003388712,0.011892031,8.81E-04,0.636177579,0.059816845,49.511925
0.182098998,-0.002494674,0.028906709,7.86E-04,0.706325707,0.17202568,15.823331
0.070614372,-0.003768336,0.072537425,8.43E-05,0.491816227,0.068256445,32.18389
0.205213711,-0.00160648,0.142976141,8.42E-04,0.481177114,0.1911722,11.442909
0.203199745,-0.00653146,0.127953516,4.11E-05,0.270088696,0.18929675,11.679895
0.057737584,-0.001260016,0.046229054,2.53E-04,0.938294684,0.05791941,41.29352
0.14929468,-0.007163374,0.079247531,4.36E-04,0.325464956,0.14489377,16.21461
0.224348571,-0.00255257,0.084822909,6.26E-04,0.311244992,0.21192308,11.454125
0.247334939,-0.003866218,0.115415738,7.19E-05,0.87792748,0.23300004,10.026071
0.171840333,-0.002256013,0.118219987,5.42E-04,0.864417567,0.16402566,13.665312
0.100058744,-0.003951589,0.069585623,7.06E-04,0.485434218,0.097831555,23.849405
0.104074744,-0.003273438,0.137554941,6.84E-04,0.510376245,0.102604344,20.730095
0.177129165,-0.001095125,0.036252207,7.80E-04,0.860222445,0.168381,15.700165
0.141935322,-0.009179265,0.013815461,8.49E-04,0.678577553,0.13695602,21.401808
0.141140445,-0.006002701,0.058953622,3.93E-04,0.974020352,0.13324533,17.955627
0.055803397,-0.009389097,0.044923246,3.05E-04,0.742166753,0.056106225,42.4185
0.166389825,-0.004573091,0.097138212,3.77E-04,0.890323815,0.15733331,14.450749
0.167819465,-0.0046654,0.06529956,3.73E-04,0.381045702,0.15873995,15.111382
0.120139014,-0.001723468,0.036790175,7.66E-04,0.530117933,0.11702927,22.27792
0.190857385,-0.008248586,0.060658414,8.63E-04,0.344179187,0.18204388,13.658567
0.054813307,-0.007508719,0.071996,1.31E-04,0.7992422,0.05563736,40.19363
0.077798577,-0.00506738,0.034727922,5.68E-04,0.497121371,0.07663374,32.899765
0.215324505,-0.004053297,0.102780317,6.15E-04,0.824327342,0.20307322,11.545151
0.131043257,-0.003212947,0.10943062,6.06E-04,0.810544759,0.12579118,17.533714
0.23771373,-0.008618422,0.090384966,7.78E-04,0.505522524,0.22090472,10.765004
0.246555439,-0.002221509,0.052768266,1.32E-04,0.441780959,0.22647983,11.28676
0.133475142,-0.002044134,0.075314834,2.25E-05,0.833584444,0.12964103,18.064636
0.133053991,-0.001091741,0.102205187,1.80E-05,0.722265887,0.12426008,17.396935
0.188748959,-0.009984407,0.029971116,4.13E-04,0.849154152,0.17855312,15.0051155
0.114803364,-0.002335826,0.019613202,3.09E-04,0.623649921,0.111597024,24.72885
0.120194981,-0.005146835,0.139017641,8.81E-04,0.870891097,0.11655676,18.163633
0.171020125,-0.002524544,0.116654746,2.10E-04,0.252104933,0.1630513,13.755134
0.121533895,-0.002961864,0.062696771,4.19E-05,0.716594655,0.11709523,20.020557
0.127015462,-0.009613072,0.027600945,2.26E-04,0.853048915,0.12064469,21.479998
0.198855788,-0.001249111,0.075483549,5.81E-04,0.707394217,0.1864139,12.879882
0.248284698,-0.005029464,0.136706965,2.54E-04,0.994721996,0.22501832,9.999896
0.061851123,-0.009981727,0.122533181,6.38E-04,0.426748286,0.06338096,33.32871
0.120902796,-0.005854266,0.057035004,1.79E-04,0.832487685,0.11717949,20.486546
0.135752117,-0.002839203,0.035568182,5.86E-04,0.365419488,0.13201833,19.936419
0.067485296,-0.0010277,0.120599807,2.66E-04,0.613692958,0.06518683,31.283398
0.249239525,-0.009002559,0.087835492,1.66E-04,0.735191048,0.22895962,10.3466835
0.150947277,-0.0090789,0.050424427,8.72E-04,0.463790988,0.1429194,17.130108
0.091754113,-0.008404835,0.082645847,1.52E-04,0.982110078,0.08802199,24.875017
0.077284202,-0.001396278,0.093984212,6.93E-04,0.905192195,0.074542135,28.754826
0.115061677,-0.007178625,0.04333118,3.98E-04,0.256073637,0.109893784,22.452717
0.208178043,-0.001144106,0.145971596,3.04E-04,0.654038833,0.1950439,11.290476
0.164687739,-0.008318562,0.144200552,7.73E-04,0.894053287,0.15800732,13.785904
0.234595582,-0.005000542,0.103657096,7.03E-04,0.35346696,0.21548711,10.726228
0.093721139,-0.004030914,0.065659782,6.46E-04,0.347958816,0.09252019,25.375158
0.109512823,-0.003447654,0.108615114,4.62E-04,0.492688954,0.10886078,20.435896
0.051867459,-0.009008491,0.033939438,2.28E-04,0.773698337,0.051252767,47.612244
0.172916381,-0.007213632,0.098425546,8.27E-05,0.595758958,0.16558611,13.769837
0.214521077,-0.009033864,0.022143511,3.63E-04,0.811364343,0.20067765,14.051795
0.172368707,-0.006058434,0.056290705,8.65E-04,0.35462243,0.16580218,15.138989
0.068651779,-0.003167475,0.088317226,7.97E-04,0.758475193,0.06752748,32.208508
0.050375427,-0.00164209,0.126396,5.63E-04,0.674046326,0.05031136,40.49814
0.193726099,-0.007062769,0.065105033,1.61E-04,0.601983001,0.18137725,13.338589
0.163879379,-0.006033141,0.100303567,5.23E-04,0.908413728,0.15863006,14.572595
0.146587265,-0.003114187,0.119934401,8.28E-04,0.803320269,0.13833334,15.705947
0.165373032,-0.001144911,0.112650218,2.78E-04,0.27788266,0.15578751,14.264242
0.199709225,-0.003585325,0.023560416,7.98E-04,0.924440346,0.18993405,14.999782
0.218938854,-0.006249122,0.041811113,8.71E-04,0.425875021,0.20313184,12.851595
0.203652096,-0.004186134,0.145721169,7.95E-05,0.956796018,0.1895714,11.417887
0.073191274,-0.008757764,0.107812806,6.00E-04,0.376702229,0.07371063,29.405231
0.198636497,-0.003825478,0.120501942,8.69E-04,0.537027066,0.1857253,12.044904
0.157424501,-0.005810929,0.031395421,7.10E-04,0.447859371,0.152077,17.622055
0.229305366,-0.009217486,0.120143345,4.59E-04,0.910162662,0.21547255,10.661218
0.213712868,-0.002314762,0.116433025,8.02E-04,0.451239169,0.19980955,11.357895
0.203961894,-0.003378753,0.137247271,6.05E-04,0.368105984,0.19106957,11.578903
0.098334904,-0.00297189,0.085560273,8.03E-04,0.512431321,0.097267374,23.348679
0.158493836,-0.006733707,0.092865631,3.30E-04,0.747616604,0.15071799,15.14237
0.168394347,-0.007397101,0.144396588,2.59E-04,0.962176059,0.16150555,13.421857
0.050075595,-0.008915434,0.026468072,8.65E-04,0.619845527,0.05411723,50.74707
0.067210999,-0.002552044,0.08271806,7.72E-04,0.544823247,0.067432225,33.361984
0.12146298,-0.008480336,0.016381911,3.97E-04,0.584455686,0.11879121,23.997229
0.203897177,-0.005731016,0.066751072,1.65E-04,0.739790553,0.19083156,12.762445
0.088768853,-0.009671453,0.062523032,5.52E-04,0.66456989,0.08789745,26.551521
0.223091704,-0.008030094,0.011837358,9.91E-05,0.394094143,0.20536265,14.59932
0.150164607,-0.007294851,0.07207144,2.41E-04,0.718163746,0.14337726,16.328438
0.130288157,-0.002306956,0.071371658,3.17E-04,0.641211546,0.12509155,18.704885
0.066749218,-0.007396582,0.131606806,1.42E-04,0.473341997,0.06568129,30.811428
0.192388111,-0.001839548,0.099402387,5.67E-04,0.879093356,0.18044679,12.704474
0.097248617,-0.004128418,0.022963985,8.94E-04,0.285326516,0.09678752,28.466082
0.103478253,-0.002297498,0.039811711,9.05E-04,0.851925039,0.10086449,25.019608
0.183259981,-0.009305488,0.104988262,1.43E-04,0.805409766,0.17250545,13.076527
0.189442972,-0.002908032,0.034691101,4.49E-04,0.576204233,0.17713186,14.866598
0.180071702,-0.00222841,0.098196237,6.85E-05,0.714898779,0.17008059,13.392239
0.23457697,-0.007313486,0.084475862,1.82E-04,0.355386594,0.21842498,10.927125
0.148928173,-0.006359433,0.106248024,6.48E-04,0.430846467,0.1426337,15.682183
0.127175299,-0.00614377,0.049609072,2.26E-04,0.693403653,0.121915735,19.949003
0.199851201,-0.004102955,0.027716009,5.60E-04,0.745637376,0.18890122,14.59762
0.133096941,-0.007655995,0.010921068,2.68E-04,0.609002249,0.12990841,23.29283
0.170285636,-0.001894902,0.117937075,3.39E-04,0.507105403,0.16023444,13.780172
0.176092393,-0.007394546,0.087421808,3.11E-05,0.979421335,0.16719413,13.856535
0.10503762,-0.005905341,0.036239956,4.72E-04,0.432497004,0.1023736,24.987717
0.206451487,-0.006996176,0.075634183,6.54E-04,0.84633068,0.19332232,12.403779
0.168978107,-0.006210126,0.114464915,1.48E-04,0.88328488,0.15869598,13.889625
0.21608472,-0.004381972,0.094708668,8.94E-05,0.713218335,0.20156777,11.603215
0.168174539,-0.007299006,0.012794762,4.67E-04,0.653456077,0.1641025,18.499294
0.064945498,-0.008345668,0.02305253,8.41E-04,0.674139388,0.066124514,40.77754
0.210497505,-0.0032215,0.136287405,2.40E-04,0.563663221,0.19769235,11.270382
0.142801608,-0.009247699,0.092716908,1.11E-05,0.907627038,0.13717952,16.40847
0.226960128,-0.007692882,0.096370988,8.69E-04,0.894596601,0.21401465,11.109047
0.139467949,-0.002267208,0.130886928,7.07E-04,0.748913958,0.1360733,16.118387
0.064342927,-0.009709061,0.035601294,5.15E-04,0.324514711,0.0640586,38.69727
0.239038772,-0.009638233,0.068024954,2.62E-04,0.69180605,0.21753109,11.0921955
0.202919546,-0.003972275,0.119292967,3.86E-04,0.787307857,0.18970321,11.838818
0.208352051,-0.006018196,0.129974541,1.15E-04,0.550574448,0.19682045,11.409455
0.245836191,-0.008983718,0.045763959,3.79E-04,0.545356153,0.2253992,11.434905
0.201451345,-0.00370131,0.148029428,7.74E-04,0.660160542,0.18967041,11.57009
0.055043149,-0.005492013,0.107857345,1.22E-04,0.747215327,0.055186816,37.598267
0.150376996,-0.006719442,0.053931998,4.40E-04,0.62149364,0.14285344,17.08808
0.199388092,-0.009028631,0.115543781,2.09E-05,0.687599802,0.1870184,11.983365
0.124038906,-0.007969331,0.014250885,7.64E-04,0.540565036,0.121567786,24.134172
0.050940353,-0.003146476,0.034617129,8.57E-04,0.369856655,0.051890112,48.710186
0.09264288,-0.009696914,0.094797109,3.83E-05,0.356442521,0.09027472,24.221554
0.073831775,-0.004293104,0.145068206,3.03E-04,0.28010193,0.07323078,27.795382
0.182231959,-0.00686413,0.055808775,6.69E-04,0.842098261,0.17020515,14.399472
0.144504685,-0.003785226,0.068387258,7.78E-04,0.973233635,0.13573985,17.451105
0.20505844,-0.006856294,0.013640479,1.13E-04,0.763803984,0.19223437,15.393222
0.212510042,-0.0013496,0.022973226,6.02E-04,0.252297998,0.20105127,14.011377
0.135041916,-0.007472407,0.116646521,7.78E-04,0.442059947,0.1305678,16.84995
0.136780589,-0.00310327,0.076621974,7.29E-04,0.842164455,0.13310623,17.674152
0.107438768,-0.008318249,0.119796383,4.75E-04,0.320300852,0.10586449,20.509756
0.234123645,-0.007562963,0.013769855,8.23E-04,0.491503325,0.22044322,13.877854
0.067619595,-0.008312436,0.043193157,3.85E-04,0.863788277,0.06907693,35.630165
0.165668025,-0.001401647,0.020263525,3.10E-04,0.323842311,0.15787172,17.667904
0.200718271,-0.009566791,0.108905046,6.65E-04,0.360575604,0.18844315,12.058159
0.214917968,-0.004765636,0.040829771,1.03E-04,0.341534982,0.19997068,13.019863
0.232700055,-0.001040187,0.054128326,2.09E-04,0.780731457,0.21737002,11.797182
0.120296119,-0.003286822,0.083485821,7.56E-04,0.948177069,0.11574725,19.690825
0.210541709,-0.00304372,0.138376694,9.87E-05,0.379238822,0.19778024,11.196171
0.198605796,-0.004683675,0.133654084,8.72E-04,0.405073956,0.18889382,11.882979
0.216794264,-0.001426827,0.070773083,8.70E-05,0.558350305,0.20221984,12.072101
0.207342537,-0.005456528,0.139956041,7.47E-04,0.70035345,0.19341755,11.392945
0.239504118,-0.005459092,0.039180468,5.67E-04,0.426470025,0.22327115,12.047513
0.057494202,-0.00351555,0.038225894,5.31E-05,0.462137773,0.058021966,42.18948
0.155621134,-0.009479546,0.105359185,7.12E-04,0.663739512,0.15010625,15.016319
0.109270427,-0.005204996,0.093311322,6.04E-04,0.956584737,0.10553846,21.134964
0.063568186,-0.001080792,0.13502941,5.73E-04,0.948908703,0.06312455,32.545334
0.206603862,-0.009629231,0.106258993,6.94E-04,0.821672821,0.19206968,11.838974
0.153156041,-0.007274007,0.065035263,7.68E-05,0.783352452,0.14725645,16.256908
0.168400236,-0.002172157,0.142496841,7.82E-04,0.65727289,0.16327836,13.554649
0.078695404,-0.002915737,0.104075669,2.75E-04,0.465415604,0.07839191,27.768908
0.232139464,-0.00581276,0.023041838,3.01E-04,0.982601239,0.21272893,13.209516
0.219804906,-0.004919201,0.051948533,8.62E-04,0.741901255,0.20608063,12.39895
0.205928928,-0.006159227,0.112435934,3.20E-04,0.284706183,0.19313191,11.777291
0.205485267,-0.001000854,0.074147991,1.99E-04,0.87231307,0.19664106,12.481908
0.136490149,-0.003889507,0.084337599,8.65E-04,0.344671293,0.13323079,17.492702
0.13759569,-0.001084325,0.084096305,6.69E-04,0.560375466,0.13313916,17.352564
0.141454422,-0.006537196,0.077202039,3.95E-04,0.385032846,0.13456412,17.124979
0.192624456,-0.001983935,0.03035663,5.79E-04,0.694930485,0.18132606,14.864636
0.224009244,-0.003791513,0.090437789,7.25E-04,0.378161256,0.20969957,11.318504
0.083911947,-0.0026823,0.087871974,1.59E-04,0.478184402,0.08151285,26.804579
0.116258495,-0.009885094,0.086436435,3.74E-04,0.726544207,0.11443591,20.028383
0.124205828,-0.001792617,0.013558632,3.43E-04,0.741684918,0.12112456,23.701036
0.055142906,-0.004372823,0.029978781,3.06E-04,0.384875562,0.053560425,45.46365
0.200175906,-0.003625866,0.021335594,7.86E-04,0.49367553,0.18985711,15.11065
0.14254659,-0.009011502,0.146205074,5.39E-04,0.468282809,0.13764834,15.478365
0.131484865,-0.004464139,0.139719596,2.58E-04,0.873518834,0.12549083,16.733625
0.181047515,-0.00533941,0.137517153,6.98E-04,0.51094766,0.17061901,12.835613
0.178021351,-0.009049706,0.137219747,6.96E-04,0.448717141,0.17152382,12.9344
0.201038342,-0.008435638,0.102811944,5.53E-05,0.674661685,0.18801102,12.140128
0.136399031,-0.007139206,0.033625837,4.57E-04,0.475296375,0.13095975,19.898457
0.136656072,-0.007673304,0.127121529,3.42E-04,0.254728626,0.13087177,16.531715
0.152879461,-0.008025867,0.026536694,4.12E-04,0.646656517,0.14491215,18.487421
0.19074792,-0.008733443,0.012285592,4.64E-04,0.903137528,0.17933336,16.708506
0.112183234,-0.005810214,0.0256939,4.90E-04,0.456725982,0.10996337,24.629984
0.217224079,-0.003835734,0.029375378,7.66E-04,0.600490742,0.20273633,13.598625
0.143533395,-0.009589744,0.037383432,4.46E-05,0.948775424,0.13605864,18.50075
0.197488646,-0.00888944,0.049329783,5.02E-04,0.413026091,0.18656045,13.589333
0.235672482,-0.007657217,0.067792356,7.10E-05,0.468531896,0.21984246,11.193377
0.091705767,-0.001847577,0.111196863,4.30E-04,0.600814629,0.089285694,23.811888
0.156080492,-0.00884024,0.059146683,5.68E-04,0.742362586,0.15061906,16.226486
0.191581563,-0.009936752,0.05747834,8.87E-04,0.294280246,0.18124913,13.739745
0.226390676,-0.006704473,0.023033791,2.84E-04,0.494938673,0.2092966,13.405459
0.115881783,-0.006065153,0.096768593,3.71E-04,0.47735445,0.11433696,19.750568
0.081873495,-0.004980192,0.139790256,6.16E-04,0.363708666,0.081728935,25.699453
0.09044307,-0.009715503,0.087018529,8.89E-04,0.495471045,0.08856412,25.086203
0.119282116,-0.007086045,0.035412773,2.12E-04,0.826061984,0.11473994,22.093094
0.098979797,-0.005095346,0.073631844,2.36E-04,0.611189279,0.096695945,23.52299
0.061395202,-0.006421987,0.103262801,9.75E-05,0.991702122,0.060941387,34.489998
0.128171951,-0.004533941,0.088946515,7.27E-04,0.590319762,0.12549818,18.25232
0.10095029,-0.003420852,0.147958689,7.24E-04,0.373516206,0.09952015,21.022156
0.249599829,-0.006826296,0.060636541,1.30E-04,0.900169996,0.23213924,10.872459
0.059653704,-0.004498314,0.095294383,7.12E-04,0.702264707,0.058120865,36.052685
0.061951455,-0.00487696,0.11179269,8.02E-04,0.911923468,0.06260805,34.30213
0.053526261,-0.007665737,0.012740213,5.74E-04,0.869453177,0.053959705,52.764072
0.080076338,-0.002988355,0.013949993,4.55E-04,0.871559887,0.078908436,36.000168
0.203568164,-0.005889281,0.088955731,4.59E-04,0.540613971,0.19323808,12.285229
0.114027448,-0.002073315,0.123603833,5.64E-04,0.403299673,0.111432254,19.37163
0.095796778,-0.008339518,0.042601161,4.56E-05,0.683338406,0.09198902,26.20658
0.182979464,-0.008004744,0.113714109,2.56E-04,0.903843001,0.17419414,12.963831
0.167947931,-0.006604688,0.066334578,1.88E-04,0.877274931,0.16168505,15.011125
0.098218935,-0.006005654,0.053693318,4.74E-04,0.68204461,0.0964579,24.88823
0.087979978,-0.007191671,0.07292548,6.63E-04,0.552050584,0.08900002,26.361652
0.209278169,-0.0091423,0.067202537,3.99E-04,0.681838197,0.19580953,12.410289
0.164050569,-0.005244001,0.139538942,2.86E-04,0.464886806,0.15761898,13.856234
0.111362519,-0.008526617,0.077969794,9.30E-05,0.645758331,0.108432226,20.942505
0.174544575,-0.001226188,0.132022056,4.81E-04,0.447356499,0.16280963,13.25979
0.074758257,-0.002129978,0.084465869,4.64E-04,0.584207956,0.07448352,30.009022
0.08333723,-0.007296644,0.102967576,7.59E-04,0.5061607,0.08361536,26.201717
0.082787769,-0.003229595,0.097728987,6.60E-04,0.703433451,0.082758226,26.84014
0.178725965,-0.008484334,0.020888019,7.66E-04,0.350468503,0.17225277,16.576796
0.19960861,-0.008476185,0.14946483,4.85E-04,0.582089631,0.1888498,11.603306
0.078926581,-0.005441502,0.119393472,3.52E-04,0.428842688,0.077868134,27.20705
0.168865718,-0.00161432,0.124742463,4.83E-04,0.656237875,0.15704766,13.739203
0.232900673,-0.002139434,0.037152161,3.50E-04,0.366232604,0.21647614,12.379178
0.245659292,-0.004685801,0.063577981,6.24E-04,0.661903114,0.22723812,11.027504
0.128381313,-0.007157058,0.034886572,1.54E-04,0.441221776,0.12004763,20.75422
0.054868031,-0.003485357,0.085301479,5.81E-04,0.869040969,0.055681314,39.50219
0.230738374,-0.008262478,0.123918099,6.30E-04,0.889525382,0.21414654,10.569521
0.156575467,-0.003453692,0.039132342,1.59E-05,0.774402344,0.1478022,17.148188
0.1138441,-0.005462396,0.011957466,2.45E-04,0.811595689,0.10991573,26.539417
0.08281972,-0.00662562,0.012573153,2.56E-04,0.671640707,0.079706945,35.49302
0.120058391,-0.009079265,0.12201973,8.87E-04,0.683654054,0.1162161,18.565176
0.128381408,-0.005693765,0.028241858,7.29E-04,0.85573953,0.12363739,21.580734
0.07917262,-0.008274316,0.026534201,1.83E-04,0.677167801,0.07838096,33.36442
0.161723546,-0.008397422,0.050200557,6.59E-04,0.655943589,0.15408057,16.08305
0.11957562,-0.006657945,0.053869543,2.62E-04,0.744958837,0.11387914,20.791456
0.241009183,-0.007951061,0.106750577,6.26E-04,0.56469945,0.22385724,10.392272
0.178606178,-0.001687129,0.032489917,6.50E-04,0.542096468,0.16975456,15.84957
0.235479658,-0.009940148,0.020527385,5.51E-04,0.442332142,0.21836992,13.087135
0.238228349,-0.00474026,0.048623276,8.10E-04,0.45940819,0.22196344,11.761894
0.066136857,-0.00133915,0.094463932,8.06E-04,0.783337418,0.066919416,32.907433
0.21762914,-0.003459201,0.017419365,4.71E-04,0.970853823,0.20276912,14.393349
0.084019192,-0.003056511,0.098152214,8.22E-04,0.575124407,0.08217949,26.491003
0.202538576,-0.008860427,0.011802425,2.65E-04,0.805756866,0.19019043,15.837772
0.232401516,-0.006646035,0.141113317,8.31E-04,0.386018081,0.21710989,10.321408
0.204079319,-0.004124136,0.115217943,1.81E-04,0.571673916,0.19175826,11.805126
0.214616003,-0.00770843,0.09371651,7.41E-04,0.473387253,0.20297067,11.67216
0.055462919,-0.004982531,0.14780902,4.89E-04,0.725803852,0.056322347,35.552635
0.076142532,-0.007659009,0.12263595,6.91E-04,0.544303586,0.073128216,27.911093
0.176182243,-0.007434509,0.08474729,1.85E-04,0.695680678,0.16674723,13.923808
0.163035914,-0.002278938,0.113904757,6.63E-04,0.559410458,0.15677658,14.344011
0.079450335,-0.001630458,0.060935111,2.75E-04,0.515440953,0.078084245,29.791
0.134150946,-0.008072396,0.054363525,6.16E-04,0.652278311,0.13155682,18.846806
0.15407492,-0.003292353,0.129476964,2.30E-04,0.600284495,0.14584978,14.71328
0.068128243,-0.003398134,0.041584361,7.09E-04,0.562880706,0.0678718,36.406673
0.116930377,-0.006883811,0.109512343,8.80E-04,0.690525234,0.11519412,19.293013
0.144471105,-0.005561817,0.096600116,7.23E-04,0.578722993,0.13868497,16.31119
0.172515805,-0.001923154,0.020472201,6.40E-04,0.640621174,0.16601829,17.032616
0.108659653,-0.005179007,0.094837107,7.63E-04,0.554214644,0.10712451,20.996141
0.213213805,-0.006668914,0.028764962,5.85E-04,0.749137257,0.20010619,13.707051
0.21212103,-0.006734611,0.123831323,1.41E-04,0.879065874,0.1973845,11.261802
0.19486012,-0.003808868,0.114453211,9.06E-04,0.860180684,0.18315381,12.410655
0.097635647,-0.004163132,0.075333293,2.05E-04,0.995617788,0.090868115,24.60448
0.189794987,-0.002485932,0.030722609,6.06E-04,0.336504283,0.1776154,15.162487
0.068668226,-0.002698258,0.071443486,1.52E-04,0.581238231,0.06835532,33.158375
0.082012845,-0.001810559,0.089881971,8.07E-05,0.651333276,0.079461545,27.273596
0.217050463,-0.008136495,0.125073704,2.20E-04,0.513230523,0.20251288,11.09459
0.070303386,-0.00908129,0.134217142,5.43E-04,0.520771643,0.07141754,29.291573
0.107918069,-0.004927138,0.143343428,2.50E-04,0.445451737,0.10625643,19.884663
0.094954274,-0.008982492,0.137137874,1.86E-04,0.698208848,0.09238459,22.263956
0.144951264,-0.005242408,0.015974032,3.46E-04,0.688205264,0.13998167,20.67597
0.226859334,-0.001598983,0.074530791,2.08E-04,0.456897398,0.20999633,11.563283
0.114542139,-0.003952677,0.060256002,1.64E-04,0.438490145,0.10992673,21.38485
0.245565912,-0.001807106,0.073824138,5.85E-05,0.698320703,0.22717214,10.812908
0.076898016,-0.003491241,0.019090355,6.32E-05,0.938728703,0.07633698,35.433254
0.091346963,-0.002425058,0.010680871,1.69E-04,0.4022246,0.08822344,32.089653
0.118294198,-0.004152911,0.111738345,1.11E-04,0.30837213,0.11400004,18.990585
0.177867347,-0.004964034,0.113102307,5.10E-04,0.885448092,0.16858244,13.319022
0.175345545,-0.007845844,0.019483643,8.23E-04,0.268860256,0.16563372,17.109056
0.084125078,-0.009276428,0.068619201,3.20E-04,0.350752461,0.08399998,27.521772
0.20353186,-0.00857473,0.125086501,6.49E-04,0.345193116,0.19056772,11.689035
0.160407505,-0.006286425,0.031682632,7.61E-04,0.394602511,0.15322708,17.29749
0.193169837,-0.001546887,0.098795444,8.10E-04,0.793603015,0.18203665,12.733323
0.051954523,-0.00707837,0.130792497,8.46E-04,0.973781808,0.049619056,40.262627
0.182082236,-0.004285534,0.081321803,1.37E-04,0.668592387,0.17385712,13.66559
0.200436442,-0.004254056,0.104703648,2.81E-04,0.270400587,0.18670325,12.14101
0.211505705,-0.001233911,0.10055606,1.31E-04,0.26285583,0.1958827,11.770525
0.177428441,-0.004824464,0.126552745,5.17E-04,0.342452101,0.16838463,13.118838
0.197060252,-0.001220763,0.132331111,7.81E-04,0.441618396,0.18350549,11.990509
0.051616793,-0.005225316,0.097214637,6.59E-04,0.422852069,0.05321247,41.10172
0.20725842,-0.007715783,0.123070861,7.12E-04,0.299814999,0.19568862,11.566385
0.223949561,-0.001918388,0.01382478,2.57E-04,0.562716605,0.20630026,13.880459
0.166068544,-0.005869731,0.043996712,5.45E-04,0.274778209,0.15906957,16.063484
0.179416695,-0.003618894,0.10633025,1.64E-04,0.829444539,0.17025274,13.354001
0.122097178,-0.003948303,0.111429491,3.22E-05,0.492001562,0.11922712,18.275917
0.113306615,-0.007458903,0.050231066,4.38E-04,0.725519158,0.11154944,22.086863
0.094278216,-0.00542445,0.067788405,1.88E-04,0.502759035,0.091153845,24.957916
0.171958784,-0.004421061,0.01435692,7.71E-04,0.519466686,0.16645795,17.982353
0.242433541,-0.005887104,0.143756999,5.14E-04,0.575385173,0.22787178,9.950781
0.19715958,-0.008547534,0.091541746,3.71E-04,0.464339977,0.18501106,12.556428
0.091210083,-0.004204556,0.06780207,5.59E-04,0.989697544,0.084644675,26.67366
0.23898286,-0.001715722,0.041296254,2.75E-04,0.855760617,0.21772885,11.926085
0.218833361,-0.009400547,0.047275128,4.23E-04,0.984057627,0.2005641,12.759546
0.179251442,-0.009972852,0.066860967,5.06E-04,0.918870288,0.1679963,14.201055
0.209606207,-0.009266228,0.021615641,4.21E-04,0.39694967,0.1923883,14.384306
0.12771234,-0.004411939,0.135111013,5.80E-04,0.850528578,0.12513919,17.238522
0.153505993,-0.001350206,0.097066237,8.72E-05,0.499579534,0.14589745,15.549684
0.07192194,-0.002555932,0.143378484,7.26E-04,0.52735418,0.072161146,28.6479
0.19060201,-0.002103926,0.091595189,7.80E-04,0.430076668,0.17972898,13.008355
0.201797773,-0.007977447,0.029994739,6.29E-04,0.465442915,0.19015379,14.239573
0.065959886,-0.007275603,0.024631494,6.66E-04,0.375480674,0.06580223,39.778877
0.228506469,-0.005028487,0.02880844,6.75E-04,0.561103538,0.21241759,13.000616
0.246479418,-0.007261042,0.108420548,3.55E-04,0.719214755,0.2284249,10.119681
0.178143157,-0.004776691,0.036616644,7.34E-04,0.302118506,0.17033327,15.5863085
0.109608998,-0.007855237,0.014409271,4.40E-04,0.383439561,0.10466665,26.918024
0.182461273,-0.00355832,0.126805293,7.45E-04,0.422845812,0.17675093,12.803716
0.140601946,-0.00747898,0.080611582,6.58E-04,0.679133975,0.13621613,17.141607
0.096303929,-0.003558209,0.043918751,2.69E-04,0.28700516,0.09502565,26.179525
0.156059734,-0.00245751,0.014368828,2.99E-04,0.728400243,0.14908062,19.22468
0.144563771,-0.006936178,0.119689736,3.87E-04,0.70590605,0.1401319,15.717389
0.233702769,-0.008733964,0.062722952,7.63E-05,0.94211864,0.21629669,11.402076
0.106278038,-0.004738751,0.049522762,1.79E-05,0.394942463,0.10089743,23.5135
0.189003534,-0.009643066,0.111618636,5.06E-04,0.460304414,0.17804389,12.616588
0.161294725,-0.004993724,0.0237355,8.71E-04,0.353754544,0.15511718,18.013367
0.056517307,-0.002136816,0.02063694,3.46E-04,0.50831465,0.055025622,47.660225
0.202894507,-0.006390269,0.05515968,7.02E-04,0.637993419,0.19137739,13.235532
0.156085361,-0.009434091,0.145667868,3.41E-04,0.870223809,0.1462454,14.3154125
0.120516715,-0.001034281,0.125060814,4.17E-04,0.469167518,0.115505494,18.458244
0.140822069,-0.009203176,0.10502065,1.53E-04,0.864390867,0.13411722,16.438957
0.108636678,-0.009250993,0.104765548,3.90E-04,0.470732927,0.10502931,20.613932
0.114813864,-0.003526531,0.050553848,8.59E-04,0.398473587,0.11290108,22.07566
0.2048213,-0.009926168,0.118836378,6.28E-04,0.399153004,0.1931795,11.708182
0.094261818,-0.005440123,0.103525524,2.28E-04,0.982249961,0.08900367,23.781975
0.111619999,-0.00765307,0.145992257,5.20E-04,0.429915925,0.105923064,19.25825
0.077524147,-0.002387754,0.052497423,3.55E-04,0.301769047,0.075604394,31.22644
0.238424918,-0.007032837,0.101064551,3.33E-04,0.415885731,0.22039191,10.568802
0.238917485,-0.004539881,0.088693944,4.75E-04,0.825100267,0.22231501,10.736141
0.201577246,-0.006986794,0.140862778,8.07E-04,0.735385092,0.18930398,11.631647
0.110599453,-0.003355046,0.062072492,6.11E-04,0.975658441,0.104578756,22.43205
0.05025152,-0.009334704,0.080602509,4.44E-05,0.875174192,0.050131876,42.997025
0.149387525,-0.007722251,0.091799367,6.41E-04,0.508464447,0.1431099,15.89624
0.11408674,-0.008205247,0.078155631,7.60E-04,0.480201128,0.11341759,20.657581
0.174603395,-0.001429423,0.109075087,1.35E-04,0.657321885,0.16779125,13.578957
0.083847675,-0.003934494,0.129395094,8.11E-04,0.912449744,0.08332967,25.611618
0.123225676,-0.003924668,0.13298311,4.20E-04,0.838651032,0.11830764,17.815172
0.091911924,-0.005913192,0.048833941,3.87E-04,0.681289507,0.089589715,26.816765
0.104669606,-0.008444612,0.074351664,9.56E-05,0.992371266,0.098838836,22.378073
0.224033671,-0.002631037,0.011050962,2.75E-04,0.281922059,0.20945421,14.147698
0.194898572,-0.009602237,0.105062687,3.79E-05,0.58085443,0.18199636,12.398163
0.102203604,-0.007780376,0.096439837,2.71E-04,0.34739499,0.10114652,21.959589
0.224441119,-0.009682626,0.015795485,7.31E-04,0.887518564,0.21212448,14.140898
0.180702085,-0.006395921,0.10193873,4.69E-04,0.357386884,0.17432234,13.297434
0.16399673,-0.008869835,0.102273305,4.86E-04,0.493374567,0.15482421,14.433098
0.10944879,-0.007371914,0.106855426,1.86E-04,0.848821642,0.10492309,20.42388
0.162046969,-0.002805244,0.025544125,5.34E-04,0.68889996,0.15571056,17.749077
0.171932879,-0.009393037,0.084897685,4.22E-04,0.343201398,0.16538449,14.257911
0.249252945,-0.009594333,0.065965821,8.67E-04,0.903461352,0.22833695,10.867362
0.196433075,-0.008997227,0.016187085,1.44E-04,0.493308167,0.18470329,15.646175
0.093048894,-0.004174772,0.032110446,6.22E-04,0.523450192,0.09346156,28.223808
0.081602157,-0.008642979,0.093450635,5.23E-04,0.641159425,0.08191569,27.07029
0.201992293,-0.008827246,0.08692118,3.79E-04,0.893990213,0.19033334,12.3600855
0.24911615,-0.008844055,0.091760229,2.82E-04,0.324449616,0.23048718,10.361698
0.072986294,-0.009247854,0.094753544,2.37E-04,0.618017146,0.07362275,29.586584
0.130919281,-0.005552413,0.054074465,3.49E-04,0.833402733,0.12637365,19.249804
0.215958439,-0.009656556,0.118453128,2.48E-04,0.268563384,0.20152389,11.14431
0.176202957,-0.001485322,0.119317212,5.59E-04,0.763324374,0.16644329,13.393407
0.141092999,-0.005742653,0.107845409,2.09E-04,0.817888359,0.13596337,16.325653
0.198835083,-0.009302966,0.09562689,1.66E-04,0.373096821,0.1868938,12.319159
0.155030978,-0.001151215,0.015857628,4.72E-04,0.365708478,0.14929304,18.974712
0.220325716,-0.001824209,0.049491494,7.95E-04,0.560420744,0.20220152,12.58466
0.076954536,-0.008702628,0.04031322,6.03E-04,0.863071829,0.07738458,31.982546
0.053021503,-0.007524827,0.068445858,6.18E-04,0.823378494,0.053622734,42.194626
0.086169162,-0.002572794,0.026029191,3.91E-04,0.250608596,0.08640295,31.201757
0.235135005,-0.001676563,0.138486658,5.42E-04,0.613580589,0.21954948,10.270208
0.073320118,-0.003409192,0.039436524,9.00E-05,0.497030107,0.073289394,33.668015
0.111131006,-0.008767178,0.020931142,3.11E-05,0.851049676,0.10795236,25.16695
0.051987446,-0.009435965,0.066201034,2.55E-04,0.575250229,0.050747268,43.180813
0.05123072,-0.005479793,0.141619303,3.93E-04,0.788488206,0.049256418,39.183315
0.150978694,-0.00533091,0.089352621,2.97E-04,0.42861233,0.14543958,15.894039
0.141301746,-0.008020737,0.098585411,8.15E-04,0.664646065,0.13647987,16.549152
0.24568872,-0.006313003,0.072777692,7.10E-05,0.715013407,0.22779486,10.739826
0.233746675,-0.001063723,0.063990394,6.31E-04,0.701230238,0.2148498,11.51219
0.08555384,-0.005938484,0.032572781,4.26E-04,0.293660782,0.086091585,30.029978
0.131382465,-0.007947099,0.079535278,6.88E-04,0.43685092,0.12891203,18.120436
0.060651334,-0.004497194,0.070115397,2.46E-04,0.911555027,0.05995973,37.038784
0.245535371,-0.008021391,0.100030043,4.50E-04,0.487638467,0.23004037,10.322935
0.141267543,-0.007262645,0.117636173,3.31E-04,0.568188641,0.13288279,16.06856
0.208108688,-0.009525245,0.041470611,4.22E-04,0.718753826,0.19520149,13.28057
0.077786428,-0.005766025,0.144867371,7.66E-04,0.328349449,0.07821247,26.748404
0.072282276,-0.001976573,0.103016127,5.11E-04,0.39150007,0.07160807,29.84677
0.2131682,-0.009526141,0.107727499,8.21E-04,0.620133129,0.20006594,11.508135
0.170469834,-0.003537477,0.12773347,4.85E-04,0.438170711,0.16411352,13.597174
0.12585228,-0.003517274,0.074147697,5.36E-04,0.40645247,0.12326741,19.12289
0.13951178,-0.004959867,0.116897802,7.65E-04,0.55328041,0.13303669,16.381351
0.067013553,-0.001041398,0.053658616,6.86E-04,0.251482873,0.06763738,35.68855
0.115764474,-0.00768523,0.104955914,3.74E-04,0.526146199,0.11401836,19.523474
0.103232758,-0.006489552,0.145279406,1.79E-05,0.443942484,0.09799635,20.452818
0.056329779,-0.007176431,0.095860172,1.39E-04,0.92275188,0.053846173,37.449203
0.234944528,-0.005831994,0.040063661,3.71E-04,0.927061148,0.21741018,12.118963
0.182348919,-0.004149591,0.12118901,8.34E-04,0.78485053,0.17458971,12.967886
0.08425733,-0.004123621,0.041278878,1.84E-04,0.413069578,0.08207325,29.672596
0.156880688,-0.001676042,0.132047085,8.57E-04,0.252857342,0.15267397,14.591313
0.175281244,-0.009108983,0.135981334,8.34E-04,0.660416102,0.16749439,13.132677
0.209842041,-0.004092058,0.121883198,8.94E-04,0.79636334,0.19868134,11.499026
0.148960244,-0.002371773,0.029490599,6.69E-04,0.424406672,0.14217582,18.766197
0.177879489,-0.002819908,0.12871437,5.00E-04,0.908260026,0.17099999,13.082157
0.136217866,-0.003812161,0.020197339,4.58E-04,0.481127068,0.13013187,21.264696
0.125557069,-0.003927962,0.061373267,2.98E-04,0.725302597,0.12282058,19.554552
0.172246962,-0.006419753,0.080922848,9.69E-05,0.697247815,0.1635055,14.341107
0.109212186,-0.00297871,0.114816271,3.89E-04,0.74034259,0.10686081,20.353367
0.175888186,-0.006911743,0.107794028,5.52E-04,0.541380164,0.16494137,13.49067
0.105189005,-0.00419813,0.119689073,4.87E-04,0.288911852,0.10182421,21.009325
0.086756162,-0.003349242,0.024846765,8.91E-04,0.400137839,0.08708055,31.302803
0.08448091,-0.003592647,0.057633447,3.45E-04,0.290915332,0.08282052,28.368767
0.185219156,-0.005057535,0.017303704,4.93E-04,0.482899955,0.17692311,16.474949
0.22629393,-0.00551382,0.09855616,4.36E-04,0.456060633,0.20962992,11.129222
0.093275947,-0.009238587,0.107107838,5.38E-04,0.534743339,0.09160074,23.566391
0.139502729,-0.005576785,0.052531189,5.98E-04,0.589579755,0.13565932,18.327261
0.135184959,-0.009460493,0.107686106,3.44E-04,0.428242616,0.1291612,16.976986
0.234854429,-0.003355571,0.026368368,2.72E-04,0.841641935,0.21555677,12.808696
0.13339319,-0.00157548,0.091360667,4.06E-04,0.650288922,0.1278791,17.642685
0.159153957,-0.006063815,0.033292142,8.08E-04,0.554566754,0.15171067,17.290655
0.126519479,-0.009595706,0.061049892,4.26E-04,0.883064376,0.1216081,19.423903
0.178233208,-0.006468581,0.08970752,7.08E-04,0.535067708,0.17177282,13.685182
0.061125354,-0.004137491,0.10007451,8.68E-04,0.844483611,0.061223432,35.40981
0.156584665,-0.002641343,0.072698165,7.23E-04,0.493928392,0.15002201,15.927116
0.157640273,-0.009426177,0.030612157,1.16E-04,0.93827364,0.14999631,17.554426
0.222074591,-0.00221533,0.068653211,3.17E-05,0.990967475,0.20470695,11.8179455
0.153604282,-0.008684858,0.096668884,8.65E-04,0.480251171,0.14650549,15.458267
0.183710839,-0.004562148,0.091141509,3.04E-04,0.433211589,0.17216486,13.421745
0.245482644,-0.005363354,0.053839182,6.90E-04,0.442957413,0.2284505,11.260233
0.164221629,-0.009520638,0.044668724,4.51E-04,0.616787214,0.15824546,16.16541
0.085451903,-0.00190463,0.081525188,3.06E-04,0.575654057,0.08457875,26.469263
0.058024504,-0.002883359,0.041025927,7.58E-04,0.717176324,0.059106216,41.801544
0.23413751,-0.009103261,0.048035913,3.49E-04,0.780642995,0.21619043,11.791018
0.185474187,-0.004974968,0.093267052,5.49E-04,0.815764471,0.1757985,13.176891
0.057308051,-0.002046289,0.112882012,2.34E-04,0.407164577,0.056230776,36.317707
0.10814483,-0.001124318,0.126573778,1.48E-04,0.796744939,0.1034542,20.259525
0.107632258,-0.004806142,0.13985082,3.42E-04,0.52281277,0.10702194,20.00989
0.235021332,-0.002248722,0.128953956,7.00E-05,0.734722971,0.21882047,10.353764
0.216040916,-0.002596132,0.068758598,5.65E-04,0.253888035,0.20247622,12.159107
0.089166252,-0.005822905,0.11238575,4.81E-04,0.568179211,0.086388275,24.56073
0.085888946,-0.00382289,0.111237027,3.84E-04,0.30463563,0.0847619,25.31105
0.137639015,-0.001213428,0.137113011,8.50E-04,0.324284122,0.1360879,16.16483
0.232490911,-0.007151253,0.138062517,1.08E-04,0.402480879,0.21785708,10.327399
0.09874219,-0.006316413,0.069705123,1.60E-04,0.329479769,0.096142866,23.885044
0.226839641,-0.005313154,0.032359858,7.13E-04,0.518610025,0.21105495,12.85979
0.230251984,-0.007065145,0.046540486,1.12E-04,0.294434241,0.21368864,12.0733385
0.112169182,-0.00237361,0.027924465,6.00E-04,0.279333792,0.10975825,24.375004
0.13597599,-0.003175598,0.106819197,2.27E-04,0.359188668,0.13005129,16.99196
0.082873901,-0.001647847,0.076765081,3.19E-04,0.852234445,0.08094506,27.659317
0.087216573,-0.00630106,0.127255935,8.56E-04,0.890916384,0.08521247,24.670366
0.205152144,-0.0055307,0.120064681,1.43E-04,0.628102601,0.19167756,11.650804
0.087573453,-0.002979298,0.109385726,6.40E-04,0.555148101,0.086150214,25.002073
0.166238786,-0.004442883,0.075821427,4.84E-04,0.805927889,0.15597434,15.020294
0.076688879,-0.00761218,0.041007335,7.20E-04,0.627631697,0.07737363,32.53244
0.15348386,-0.006661569,0.021632362,6.41E-05,0.506871507,0.14446157,18.865656
0.19934397,-0.006532082,0.097702866,1.16E-04,0.495329458,0.18441758,12.350565
0.165707073,-0.004431343,0.028025182,6.54E-04,0.867218393,0.1588462,17.189579
0.104700679,-0.003623179,0.126557519,3.37E-04,0.687139905,0.098849796,20.718624
0.167718281,-0.007845342,0.075470963,7.93E-04,0.79012162,0.15851651,14.888947
0.096020417,-0.009198658,0.01104652,3.14E-04,0.699594639,0.09448722,31.064568
0.225774619,-0.005147827,0.134203755,7.49E-04,0.736699453,0.21105127,10.67139
0.149073174,-0.009934869,0.048381714,5.72E-04,0.645440347,0.14209156,17.424835
0.158803822,-0.00339423,0.081149204,3.77E-04,0.3262541,0.14935529,15.506069
0.148500471,-0.004756317,0.01417945,3.72E-05,0.780187126,0.14267398,20.475555
0.149843265,-0.003571668,0.121979535,3.69E-04,0.40042469,0.14342491,15.30149
0.062056471,-0.003105447,0.055823889,6.08E-04,0.7384942,0.062285725,37.68787
0.067332909,-0.004043889,0.131359172,6.65E-04,0.42168062,0.066725254,30.842232
0.054994962,-0.001050481,0.107991969,8.13E-04,0.569873502,0.055095233,38.27231
0.120290782,-0.002454704,0.132054363,1.44E-04,0.422268269,0.116622694,18.397514
0.228590664,-0.004043548,0.010052596,6.49E-05,0.816415122,0.20978387,14.224622
0.229249552,-0.0053713,0.068419693,6.41E-04,0.89744531,0.214282,11.575216
0.101201719,-0.008778457,0.014964582,2.69E-04,0.959966576,0.097293034,28.680523
0.241024845,-0.001044735,0.024949344,5.93E-04,0.338323317,0.22382048,12.428278
0.206341942,-0.009779353,0.098325011,3.11E-04,0.926910317,0.19256048,11.907179
0.195428263,-0.008733741,0.07263484,2.58E-04,0.343980941,0.18422344,12.993954
0.094506064,-0.006922782,0.140748269,5.10E-04,0.565959079,0.09193774,22.514421
0.102063274,-0.008307331,0.089783787,8.22E-04,0.973643496,0.09805859,23.04236
0.24417521,-0.007729352,0.049110782,1.98E-04,0.882395308,0.2245861,11.360654
0.082107948,-0.002992222,0.10814419,2.61E-04,0.883928139,0.08031136,26.479115
0.228342036,-0.00170811,0.065638748,7.87E-05,0.716182988,0.21454577,11.640717
0.240878059,-0.005546548,0.136501432,6.08E-04,0.869552306,0.22572523,10.034058
0.177482346,-0.004376076,0.087545292,2.69E-04,0.695235467,0.16688283,13.82769
0.069984768,-0.008158675,0.112663137,6.37E-04,0.491960213,0.07100732,30.25892
0.125231174,-0.003464336,0.134076338,4.41E-04,0.878781995,0.12093406,17.716986
0.231686074,-0.002529192,0.049651189,4.40E-04,0.307352457,0.21601829,11.933765
0.231793139,-0.007746003,0.088474903,5.50E-04,0.912783655,0.21668494,11.007299
0.091838194,-0.003888438,0.105148293,5.50E-04,0.464257477,0.091054924,24.014029
0.230648507,-0.001443746,0.126533698,2.11E-05,0.504345593,0.2158278,10.565876
0.171564592,-0.009827626,0.115403963,1.15E-04,0.891562375,0.16202202,13.571324
0.130353679,-0.004187006,0.134024764,2.24E-04,0.648288076,0.12603664,16.956436
0.05188485,-0.004428064,0.019934738,2.47E-04,0.728663219,0.05147253,51.52471
0.184748243,-0.001461211,0.116259,1.89E-04,0.615801099,0.17913553,12.843356
0.151215141,-0.006112725,0.043936272,3.66E-04,0.562789386,0.14583151,17.403053
0.196864864,-0.002721141,0.064162627,8.74E-04,0.485336046,0.18645418,13.327434
0.10462505,-0.005223185,0.117278568,5.31E-04,0.839630132,0.09989741,21.007608
0.185114429,-0.004204044,0.01332273,3.51E-04,0.323595519,0.17131136,16.902992
0.098394495,-0.002551416,0.056635621,3.17E-04,0.997019182,0.08913922,25.929024
0.071331457,-0.004679214,0.022150218,1.73E-04,0.682278614,0.06857511,37.676716
0.186767216,-0.003892146,0.068499981,4.89E-04,0.959829424,0.17473625,13.80149
0.071084669,-0.001191872,0.140271676,5.81E-04,0.782822334,0.07079855,29.34476
0.163476876,-0.007292366,0.011781823,3.19E-04,0.614458322,0.15420514,19.22531
0.214979927,-0.0034105,0.102066555,2.48E-04,0.719047796,0.19905132,11.522032
0.142885705,-0.007678376,0.029058752,3.72E-04,0.892745757,0.13698904,19.308746
0.108827806,-0.002656955,0.12742416,8.01E-04,0.439758526,0.10842491,20.157776
0.179306831,-0.007258718,0.043432632,2.29E-04,0.8671117,0.16728581,15.013121
0.169461136,-0.009604145,0.122755667,3.67E-04,0.961932743,0.16125637,13.692697
0.213787875,-0.005807885,0.034905745,2.97E-04,0.797720653,0.19918677,13.359131
0.236239351,-0.003061651,0.141446032,5.66E-04,0.988275598,0.21351284,10.437961
0.071447479,-0.004108369,0.026191315,2.22E-04,0.600009111,0.07095604,36.66303
0.156061787,-0.001158189,0.061594095,5.46E-04,0.572222415,0.14770329,16.270811
0.166136523,-0.002398074,0.086340848,9.02E-04,0.34073204,0.15909164,14.774111
0.237851062,-0.004572267,0.088327453,8.94E-04,0.771773591,0.2209853,10.845429
0.220124226,-0.008270165,0.133358008,1.15E-04,0.836415251,0.20598899,10.781485
0.052406297,-0.008587819,0.022391502,5.61E-04,0.252152279,0.0529414,49.49655
0.132694162,-0.004689949,0.059369333,6.93E-04,0.710712307,0.1295385,18.910461
0.162334167,-0.009567346,0.041235891,1.44E-04,0.923660296,0.15179123,16.482458
0.081609272,-0.006418449,0.10766588,6.06E-04,0.572464521,0.08102933,26.947306
0.067138557,-0.007676378,0.124530755,5.28E-04,0.756308781,0.06745787,30.85644
0.104625895,-0.00840811,0.107185464,5.02E-04,0.912407809,0.10059345,21.128199
0.068808293,-0.007173442,0.034951301,2.00E-04,0.338958314,0.068498135,36.27143
0.064487593,-0.003608785,0.072377379,7.89E-04,0.331457381,0.06732236,35.02864
0.147330987,-0.006440813,0.065121735,1.99E-04,0.548550025,0.1418388,16.851393
0.170617979,-0.003991343,0.083923852,1.41E-05,0.782671561,0.16053839,14.415708
0.093051079,-0.001892753,0.121694847,7.73E-04,0.61137079,0.09325275,23.297726
0.12519039,-0.004564268,0.055965081,3.09E-04,0.322537077,0.12048353,19.927479
0.098875917,-0.001507659,0.08248617,3.67E-04,0.303592702,0.09704394,23.454483
0.232139446,-0.006281358,0.119205768,7.69E-04,0.267657231,0.21864834,10.589077
0.060836317,-0.001614522,0.018143079,8.47E-04,0.604072033,0.06213918,44.93268
0.197377298,-0.004274667,0.025925786,3.63E-04,0.322635391,0.18508425,14.878645
0.176872311,-0.003676324,0.117708685,5.84E-04,0.888694555,0.16710624,13.300013
0.239994533,-0.005008221,0.07526936,3.30E-04,0.89364594,0.21898898,10.998569
0.24301114,-0.002685882,0.050274886,2.75E-04,0.348612443,0.22419794,11.509827
0.201193977,-0.004149794,0.046475846,3.55E-04,0.854434191,0.18912819,13.532934
0.111028521,-0.005783365,0.051282291,6.46E-04,0.264328816,0.10798535,22.607649
0.194383871,-0.003068219,0.028609444,2.01E-04,0.564188646,0.1852564,14.896393
0.145555713,-0.003257875,0.081429013,4.47E-04,0.984637581,0.13680951,16.80505
0.191126987,-0.008453775,0.010949832,1.05E-04,0.616633459,0.18073264,16.778908
0.170359678,-0.00997457,0.124044486,3.77E-04,0.913400706,0.16003299,13.610325
0.229012828,-0.009153413,0.05506422,7.96E-04,0.320885817,0.215077,11.879742
0.057751642,-0.005818676,0.14955546,2.20E-04,0.713619347,0.0570586,34.403103
0.195123204,-0.00363858,0.112673911,6.12E-04,0.686049757,0.18381684,12.325202
0.141966099,-0.002141134,0.055643071,8.02E-04,0.696398702,0.13590479,18.003498
0.059355616,-0.006761823,0.021173037,3.43E-04,0.514451585,0.05951282,44.43366
0.242718123,-0.006678561,0.022124472,6.99E-04,0.492482711,0.22280958,12.669685
0.072836335,-0.008492941,0.087909528,7.49E-04,0.253988434,0.07387182,30.593735
0.200436842,-0.003581826,0.049688818,3.10E-04,0.434901748,0.19135171,13.478513
0.11600411,-0.001993193,0.115391006,7.23E-04,0.946724261,0.11189373,19.49764
0.146957667,-0.00617998,0.141512345,7.61E-04,0.937884605,0.13839197,15.337813
0.077308337,-0.009726968,0.031162174,3.46E-04,0.581940829,0.07627111,33.131195
0.17743051,-0.008914991,0.022545052,4.11E-04,0.54808114,0.16732238,16.51975
0.206100689,-0.005817498,0.070383011,4.92E-04,0.712985182,0.19441757,12.548254
0.229186101,-0.009571109,0.099913742,4.84E-04,0.898961986,0.21258236,10.897241
0.142089,-0.00972305,0.046724258,4.68E-04,0.463952027,0.1368205,18.249077
0.105243013,-0.003882382,0.072372183,8.17E-04,0.956239327,0.10200739,22.660448
0.149174595,-0.00669183,0.072131344,2.39E-04,0.447337458,0.14147618,16.566204
0.163604268,-0.004802562,0.010935654,4.31E-04,0.885614168,0.15489742,19.345936
0.234742097,-0.007700279,0.040770344,5.47E-04,0.514987772,0.21525641,12.065929
0.103680005,-0.005961237,0.076588212,6.20E-04,0.472020595,0.10433333,22.63513
0.118271826,-0.006496033,0.042977967,4.56E-04,0.45197162,0.114871755,21.641022
0.05890172,-0.008984473,0.075008642,5.78E-05,0.260820226,0.0565824,37.785336
0.217881965,-0.006462479,0.015647181,6.05E-04,0.816298485,0.20118676,14.553715
0.106309346,-0.003631677,0.089324163,8.06E-04,0.273706867,0.10379122,21.768223
0.183088637,-0.008758437,0.123984071,1.86E-04,0.273909452,0.17365208,12.808673
0.151665549,-0.001874955,0.107606424,6.49E-04,0.819115025,0.14636992,15.402743
0.140329579,-0.004228995,0.062200218,6.75E-04,0.590136321,0.13609889,17.773926
0.180176947,-0.002733414,0.085746444,5.82E-04,0.545979649,0.17435902,13.804771
0.198889269,-0.003050251,0.107126338,5.20E-04,0.430267953,0.18945788,12.214267
0.181500183,-0.001560962,0.012995396,9.04E-04,0.329158293,0.1730952,16.773518
0.143672585,-0.006782791,0.097052495,2.25E-04,0.397225655,0.14166301,16.37405
0.082326963,-0.004588924,0.027285977,6.45E-04,0.731682551,0.08073989,32.300083
0.113308674,-0.006240668,0.139861068,3.85E-04,0.925224471,0.1101978,19.014849
0.135046915,-0.001438914,0.021841093,4.89E-04,0.816328906,0.12959339,21.283537
0.213458975,-0.001311976,0.019701007,7.48E-04,0.601119991,0.20150186,14.129543
0.216975256,-0.008469652,0.10085706,1.50E-04,0.813461463,0.20178388,11.379608
0.172711413,-0.001024454,0.063473957,5.52E-04,0.448689797,0.1664432,14.934806
0.057224728,-0.003704914,0.028479087,4.13E-04,0.551462334,0.0562271,44.412697
0.229449532,-0.001868733,0.10911991,4.17E-04,0.273998327,0.2133846,10.843836
0.108942842,-0.006537485,0.096066758,1.96E-05,0.886687841,0.10395969,20.81948
0.200598149,-0.009759776,0.132395168,1.38E-04,0.698210239,0.18407336,11.714859
0.170396672,-0.008823257,0.143013295,7.96E-04,0.394222192,0.16293415,13.317304
0.175799321,-0.00532375,0.121259061,9.65E-05,0.57856122,0.16717218,13.281392
0.091963763,-0.007605642,0.147208676,5.32E-04,0.744788265,0.09080588,22.710226
0.092621555,-0.009186237,0.03429589,4.53E-04,0.871820168,0.08931502,27.646534
0.215799043,-0.001856899,0.094635112,5.91E-04,0.314157183,0.20439559,11.59447
0.159733951,-0.003054565,0.127400719,7.81E-04,0.700481879,0.15241025,14.458444
0.124739761,-0.00893128,0.0215029,4.86E-04,0.525007183,0.118527494,22.597641
0.12609365,-0.008031578,0.030294486,5.70E-04,0.790455862,0.12127103,21.603191
0.136453297,-0.00411488,0.045662305,6.36E-05,0.579243148,0.13299994,18.89242
0.056231595,-0.006372887,0.128786365,5.23E-04,0.375349856,0.057553113,36.036194
0.09312183,-0.009776556,0.101586858,2.22E-04,0.65672151,0.09271428,23.658218
0.216437022,-0.007860228,0.080986869,7.46E-04,0.324117179,0.20528565,11.835071
0.156913443,-0.00629924,0.100776988,7.22E-04,0.510645095,0.15294145,15.023839
0.146417018,-0.00186875,0.035249829,4.64E-04,0.953215077,0.14102568,18.781181
0.23355661,-0.005655522,0.108679852,2.36E-04,0.415705377,0.21833336,10.609573
0.068852582,-0.006767849,0.117277576,5.32E-04,0.316227546,0.0675092,30.745934
0.182584609,-0.003217719,0.06279756,7.17E-04,0.353557366,0.1732198,14.209319
0.24881931,-0.009428513,0.044792209,2.62E-04,0.272697149,0.22999261,11.3199
0.220943385,-0.003021165,0.143136917,8.43E-04,0.816210041,0.20571424,10.7855835
0.070546911,-0.002683274,0.135124734,5.51E-04,0.275593756,0.06947254,29.619864
0.239981071,-0.006168619,0.095049894,8.22E-04,0.957290637,0.22272168,10.745829
0.155340161,-0.007669036,0.107108137,1.39E-04,0.875169979,0.14887182,14.991613
0.203305231,-0.00964005,0.021275744,3.41E-04,0.868377871,0.18876915,14.767958
0.147182522,-0.00810268,0.040323739,5.01E-04,0.985005779,0.13691579,18.50214
0.209175072,-0.005300449,0.121008557,5.44E-04,0.593272282,0.1976373,11.509472
0.077724952,-0.002921971,0.057022362,4.31E-04,0.277763942,0.07554579,30.640617
0.236185688,-0.001051454,0.06140321,8.77E-04,0.891351877,0.21587911,11.522836
0.06678466,-0.005050603,0.123341263,2.80E-04,0.359843048,0.06747985,31.153948
0.160820378,-0.003601557,0.124359305,6.81E-04,0.867312592,0.15143219,14.364136
0.085524241,-0.004699967,0.063619619,6.37E-04,0.391847983,0.08278386,27.692247
0.171440159,-0.002313537,0.017886216,5.40E-04,0.352470567,0.16398533,17.474184
0.215158615,-0.006938332,0.064972942,3.57E-04,0.879067227,0.20028201,12.175224
0.202517492,-0.005683697,0.026989574,8.16E-05,0.302361816,0.19010992,14.4811735
0.17297844,-0.00478068,0.137550174,9.02E-04,0.471261388,0.1665898,13.271353
0.088099034,-0.008701001,0.079904329,4.76E-04,0.350155776,0.086728916,25.903276
0.088941793,-0.0077725,0.061234717,4.71E-04,0.704682749,0.0887912,26.667233
0.062920113,-0.001188556,0.098644132,1.67E-04,0.780044086,0.06186448,34.077766
0.2299539,-0.005654841,0.092567513,4.69E-04,0.951859818,0.2107546,11.115707
0.217237366,-0.002136871,0.041189817,6.99E-04,0.872504548,0.20303304,12.99115
0.055735169,-0.001855113,0.030409632,5.32E-04,0.454134922,0.053153854,45.8087
0.096865368,-0.003467545,0.110088568,2.52E-04,0.883502027,0.09444322,22.51205
0.211003895,-0.004101213,0.147803936,5.44E-04,0.450922604,0.20097443,11.170561
0.208293683,-0.001915421,0.148603564,2.61E-04,0.595188339,0.19292307,11.232469
0.115328961,-0.008711023,0.066558536,3.04E-05,0.74319191,0.112688646,20.747688
0.180943075,-0.008162667,0.14160371,4.30E-04,0.780521453,0.17423815,12.660535
0.196823294,-0.003074164,0.084613983,1.09E-04,0.281638444,0.18364473,12.843695
0.111038423,-0.007703971,0.070813354,8.42E-04,0.73104209,0.10880953,21.549776
0.061857764,-0.002479815,0.032064878,4.53E-05,0.574620089,0.0596447,40.934277
0.086302125,-0.00745012,0.040489592,7.98E-04,0.624528672,0.08374359,29.296717
0.223810985,-0.005918626,0.076014914,8.14E-04,0.604243752,0.2118535,11.584569
0.20540023,-0.002898134,0.013633981,6.64E-04,0.809692617,0.19469231,15.246978
0.193790651,-0.00241629,0.136920524,1.48E-04,0.660413753,0.18126732,12.078664
0.164124907,-0.006998281,0.104988003,4.56E-04,0.531863281,0.1550476,14.395714
0.120149572,-0.009162617,0.087827589,4.25E-04,0.531432994,0.11623446,19.399338
0.20061616,-0.005148335,0.145756576,1.42E-04,0.498729527,0.18786813,11.594534
0.146982079,-0.008457238,0.034471193,4.78E-04,0.332479086,0.13970692,18.393316
0.159083498,-0.001138032,0.117638151,3.67E-04,0.766727712,0.15254214,14.521102
0.130757011,-0.00177907,0.068570396,2.10E-04,0.631392953,0.12274726,18.715864
0.145679693,-0.009274754,0.027637553,4.75E-04,0.67826446,0.1399707,19.107117
0.135579724,-0.006031874,0.1322269,5.25E-04,0.568497593,0.13084617,16.440002
0.077224136,-0.004345921,0.038560444,7.33E-04,0.830400038,0.07789746,32.469658
0.238660225,-0.007856572,0.119983021,8.70E-04,0.577232242,0.22604395,10.278002
0.244818225,-0.006843587,0.037235546,8.19E-04,0.94825319,0.22377285,11.943586
0.076405726,-0.009419334,0.13210442,8.52E-04,0.33620898,0.07667767,27.587835
0.07710933,-0.009899453,0.118518844,2.43E-04,0.458669581,0.0754835,27.550388
0.196786119,-0.006072726,0.091756157,5.86E-04,0.676685525,0.18732236,12.564059
0.054739553,-0.006389371,0.039077627,6.82E-04,0.832671998,0.05576559,44.542236
0.144498084,-0.007988826,0.017105611,9.03E-04,0.940553739,0.139619,20.804424
0.126679756,-0.004478807,0.082842731,8.45E-04,0.581015771,0.12187908,18.800123
0.171860621,-0.005224192,0.032617378,5.76E-04,0.430766152,0.16298905,16.287498
0.054644677,-0.00963632,0.127804111,6.82E-04,0.396544238,0.053835172,37.36965
0.060819313,-0.003596502,0.130947053,1.18E-04,0.844004928,0.059021987,33.574768
0.073180958,-0.001560624,0.070394681,4.24E-04,0.836798246,0.07278022,31.244257
0.171051746,-0.003334071,0.07537269,7.10E-04,0.864523872,0.16341764,14.692254
0.125512011,-0.00609602,0.033884215,1.31E-04,0.310904661,0.12126373,21.305296
0.247709704,-0.009257878,0.033543257,4.08E-04,0.520994484,0.22891577,11.7979555
0.209632546,-0.006676987,0.106751006,4.97E-04,0.527662257,0.19574359,11.630661
0.072187991,-0.006530137,0.015827451,3.11E-04,0.897233839,0.07262267,38.37002
0.051915964,-0.0060995,0.047612799,5.17E-04,0.587068273,0.051490836,45.373096
0.10348298,-0.007965564,0.098507366,7.54E-04,0.802603206,0.10163372,21.920296
0.188700572,-0.001996553,0.067617442,3.91E-04,0.411485943,0.1773371,13.680178
0.109828662,-0.004966537,0.024709603,3.25E-04,0.473200654,0.10590842,25.017937
0.167650677,-0.003658598,0.077791368,3.42E-04,0.255037532,0.1608388,14.829387
0.244632257,-0.005179327,0.088970016,3.05E-05,0.867634796,0.22517955,10.486065
0.23346645,-0.004224807,0.147232735,2.42E-04,0.511507084,0.21325272,10.243848
0.082158065,-0.002546921,0.12779233,7.96E-04,0.557906376,0.08293406,25.68135
0.105687409,-0.004544725,0.05366455,5.95E-04,0.431535776,0.10154212,23.442982
0.24243472,-0.008078956,0.065028732,4.74E-05,0.290832879,0.22423443,11.054506
0.224468646,-0.008516704,0.067118459,2.92E-05,0.874764626,0.2076997,11.660963
0.137620788,-0.002098569,0.042362538,4.19E-04,0.417463357,0.13455307,19.143354
0.083502,-0.007622526,0.082726103,1.51E-04,0.760996779,0.08113551,26.90539
0.140313635,-0.001140159,0.060026949,3.13E-04,0.618326067,0.13455673,17.936045
0.203526194,-0.009947511,0.083013738,1.66E-04,0.466676111,0.19141759,12.341157
0.175410639,-0.004944936,0.068005716,2.86E-04,0.592253008,0.16599643,14.500772
0.056566595,-0.006781613,0.09292666,3.69E-04,0.617869248,0.056274727,38.126312
0.079136631,-0.004969662,0.033623496,8.06E-04,0.804400008,0.080406606,32.62811